-- --------------------------------------------------------
-- Host:                         127.0.0.1
-- Server version:               10.1.37-MariaDB - mariadb.org binary distribution
-- Server OS:                    Win32
-- HeidiSQL Version:             10.1.0.5464
-- --------------------------------------------------------

/*!40101 SET @OLD_CHARACTER_SET_CLIENT=@@CHARACTER_SET_CLIENT */;
/*!40101 SET NAMES utf8 */;
/*!50503 SET NAMES utf8mb4 */;
/*!40014 SET @OLD_FOREIGN_KEY_CHECKS=@@FOREIGN_KEY_CHECKS, FOREIGN_KEY_CHECKS=0 */;
/*!40101 SET @OLD_SQL_MODE=@@SQL_MODE, SQL_MODE='NO_AUTO_VALUE_ON_ZERO' */;


-- Dumping database structure for persada
CREATE DATABASE IF NOT EXISTS `persada` /*!40100 DEFAULT CHARACTER SET latin1 */;
USE `persada`;

-- Dumping structure for table persada.admin
CREATE TABLE IF NOT EXISTS `admin` (
  `admin_id` int(11) NOT NULL AUTO_INCREMENT,
  `admin_name` varchar(255) NOT NULL,
  `password` varchar(255) NOT NULL,
  `email` varchar(255) NOT NULL,
  PRIMARY KEY (`admin_id`)
) ENGINE=InnoDB AUTO_INCREMENT=2 DEFAULT CHARSET=latin1;

-- Dumping data for table persada.admin: ~0 rows (approximately)
/*!40000 ALTER TABLE `admin` DISABLE KEYS */;
INSERT INTO `admin` (`admin_id`, `admin_name`, `password`, `email`) VALUES
	(1, 'admin', '21232f297a57a5a743894a0e4a801fc3', 'amirhusin.kesuma@gmail.com');
/*!40000 ALTER TABLE `admin` ENABLE KEYS */;

-- Dumping structure for table persada.blok
CREATE TABLE IF NOT EXISTS `blok` (
  `blok_id` int(100) NOT NULL AUTO_INCREMENT,
  `blok` varchar(100) NOT NULL,
  PRIMARY KEY (`blok_id`)
) ENGINE=InnoDB AUTO_INCREMENT=289 DEFAULT CHARSET=latin1;

-- Dumping data for table persada.blok: ~8 rows (approximately)
/*!40000 ALTER TABLE `blok` DISABLE KEYS */;
INSERT INTO `blok` (`blok_id`, `blok`) VALUES
	(1, 'Blok Klinikal'),
	(2, 'Blok Pendidikan'),
	(3, 'Blok Taska Permata PPUKM'),
	(4, 'Dwitasik Permaisuri'),
	(5, 'Bangunan Pra-Klinikal'),
	(6, 'Asrama Jururawat'),
	(7, 'Pusat Kesihatan UKM, Bangi'),
	(8, 'Taska Permata PPUKM');
/*!40000 ALTER TABLE `blok` ENABLE KEYS */;

-- Dumping structure for table persada.blok2
CREATE TABLE IF NOT EXISTS `blok2` (
  `blok_id` int(100) NOT NULL AUTO_INCREMENT,
  `blok` varchar(100) NOT NULL,
  `tahun` int(11) NOT NULL,
  `bulan` varchar(100) NOT NULL,
  PRIMARY KEY (`blok_id`)
) ENGINE=InnoDB AUTO_INCREMENT=288 DEFAULT CHARSET=latin1;

-- Dumping data for table persada.blok2: ~287 rows (approximately)
/*!40000 ALTER TABLE `blok2` DISABLE KEYS */;
INSERT INTO `blok2` (`blok_id`, `blok`, `tahun`, `bulan`) VALUES
	(1, 'Blok Klinikal', 2019, 'January'),
	(2, 'Blok Klinikal', 2019, 'February'),
	(3, 'Blok Klinikal', 2019, 'March'),
	(4, 'Blok Klinikal', 2019, 'April'),
	(5, 'Blok Klinikal', 2019, 'May'),
	(6, 'Blok Klinikal', 2019, 'June'),
	(7, 'Blok Klinikal', 2019, 'July'),
	(8, 'Blok Klinikal', 2019, 'August'),
	(9, 'Blok Klinikal', 2019, 'September'),
	(10, 'Blok Klinikal', 2019, 'October'),
	(11, 'Blok Klinikal', 2019, 'November'),
	(12, 'Blok Klinikal', 2019, 'December'),
	(13, 'Blok Pendidikan', 2019, 'January'),
	(14, 'Blok Pendidikan', 2019, 'February'),
	(15, 'Blok Pendidikan', 2019, 'March'),
	(16, 'Blok Pendidikan', 2019, 'April'),
	(17, 'Blok Pendidikan', 2019, 'May'),
	(18, 'Blok Pendidikan', 2019, 'June'),
	(19, 'Blok Pendidikan', 2019, 'July'),
	(20, 'Blok Pendidikan', 2019, 'August'),
	(21, 'Blok Pendidikan', 2019, 'September'),
	(22, 'Blok Pendidikan', 2019, 'October'),
	(23, 'Blok Pendidikan', 2019, 'November'),
	(24, 'Blok Pendidikan', 2019, 'December'),
	(25, 'Blok Taska Permata PPUKM', 2019, 'January'),
	(26, 'Blok Taska Permata PPUKM', 2019, 'February'),
	(27, 'Blok Taska Permata PPUKM', 2019, 'March'),
	(28, 'Blok Taska Permata PPUKM', 2019, 'April'),
	(29, 'Blok Taska Permata PPUKM', 2019, 'May'),
	(30, 'Blok Taska Permata PPUKM', 2019, 'June'),
	(31, 'Blok Taska Permata PPUKM', 2019, 'July'),
	(32, 'Blok Taska Permata PPUKM', 2019, 'August'),
	(33, 'Blok Taska Permata PPUKM', 2019, 'September'),
	(34, 'Blok Taska Permata PPUKM', 2019, 'October'),
	(35, 'Blok Taska Permata PPUKM', 2019, 'November'),
	(36, 'Blok Taska Permata PPUKM', 2019, 'December'),
	(37, 'Dwitasik Permaisuri', 2019, 'January'),
	(38, 'Dwitasik Permaisuri', 2019, 'February'),
	(39, 'Dwitasik Permaisuri', 2019, 'March'),
	(40, 'Dwitasik Permaisuri', 2019, 'April'),
	(41, 'Dwitasik Permaisuri', 2019, 'May'),
	(42, 'Dwitasik Permaisuri', 2019, 'June'),
	(43, 'Dwitasik Permaisuri', 2019, 'July'),
	(44, 'Dwitasik Permaisuri', 2019, 'August'),
	(45, 'Dwitasik Permaisuri', 2019, 'September'),
	(46, 'Dwitasik Permaisuri', 2019, 'October'),
	(47, 'Dwitasik Permaisuri', 2019, 'November'),
	(48, 'Dwitasik Permaisuri', 2019, 'December'),
	(49, 'Bangunan Pra-Klinikal', 2019, 'January'),
	(50, 'Bangunan Pra-Klinikal', 2019, 'February'),
	(51, 'Bangunan Pra-Klinikal', 2019, 'March'),
	(52, 'Bangunan Pra-Klinikal', 2019, 'April'),
	(53, 'Bangunan Pra-Klinikal', 2019, 'May'),
	(54, 'Bangunan Pra-Klinikal', 2019, 'June'),
	(55, 'Bangunan Pra-Klinikal', 2019, 'July'),
	(56, 'Bangunan Pra-Klinikal', 2019, 'August'),
	(57, 'Bangunan Pra-Klinikal', 2019, 'September'),
	(58, 'Bangunan Pra-Klinikal', 2019, 'October'),
	(59, 'Bangunan Pra-Klinikal', 2019, 'November'),
	(60, 'Bangunan Pra-Klinikal', 2019, 'December'),
	(61, 'Asrama Jururawat', 2019, 'January'),
	(62, 'Asrama Jururawat', 2019, 'February'),
	(63, 'Asrama Jururawat', 2019, 'March'),
	(64, 'Asrama Jururawat', 2019, 'April'),
	(65, 'Asrama Jururawat', 2019, 'May'),
	(66, 'Asrama Jururawat', 2019, 'June'),
	(67, 'Asrama Jururawat', 2019, 'July'),
	(68, 'Asrama Jururawat', 2019, 'August'),
	(69, 'Asrama Jururawat', 2019, 'September'),
	(70, 'Asrama Jururawat', 2019, 'October'),
	(71, 'Asrama Jururawat', 2019, 'November'),
	(72, 'Asrama Jururawat', 2019, 'December'),
	(73, 'Pusat Kesihatan UKM, Bangi', 2019, 'January'),
	(74, 'Pusat Kesihatan UKM, Bangi', 2019, 'February'),
	(75, 'Pusat Kesihatan UKM, Bangi', 2019, 'March'),
	(76, 'Pusat Kesihatan UKM, Bangi', 2019, 'April'),
	(77, 'Pusat Kesihatan UKM, Bangi', 2019, 'May'),
	(78, 'Pusat Kesihatan UKM, Bangi', 2019, 'June'),
	(79, 'Pusat Kesihatan UKM, Bangi', 2019, 'July'),
	(80, 'Pusat Kesihatan UKM, Bangi', 2019, 'August'),
	(81, 'Pusat Kesihatan UKM, Bangi', 2019, 'September'),
	(82, 'Pusat Kesihatan UKM, Bangi', 2019, 'October'),
	(83, 'Pusat Kesihatan UKM, Bangi', 2019, 'November'),
	(84, 'Pusat Kesihatan UKM, Bangi', 2019, 'December'),
	(85, 'Taska Permata PPUKM', 2019, 'January'),
	(86, 'Taska Permata PPUKM', 2019, 'February'),
	(87, 'Taska Permata PPUKM', 2019, 'March'),
	(88, 'Taska Permata PPUKM', 2019, 'April'),
	(89, 'Taska Permata PPUKM', 2019, 'May'),
	(90, 'Taska Permata PPUKM', 2019, 'June'),
	(91, 'Taska Permata PPUKM', 2019, 'July'),
	(92, 'Taska Permata PPUKM', 2019, 'August'),
	(93, 'Taska Permata PPUKM', 2019, 'September'),
	(94, 'Taska Permata PPUKM', 2019, 'October'),
	(95, 'Taska Permata PPUKM', 2019, 'November'),
	(96, 'Taska Permata PPUKM', 2019, 'December'),
	(97, 'Blok Klinikal', 2020, 'January'),
	(98, 'Blok Klinikal', 2020, 'February'),
	(99, 'Blok Klinikal', 2020, 'March'),
	(100, 'Blok Klinikal', 2020, 'April'),
	(101, 'Blok Klinikal', 2020, 'May'),
	(102, 'Blok Klinikal', 2020, 'June'),
	(103, 'Blok Klinikal', 2020, 'July'),
	(104, 'Blok Klinikal', 2020, 'August'),
	(105, 'Blok Klinikal', 2020, 'September'),
	(106, 'Blok Klinikal', 2020, 'October'),
	(107, 'Blok Klinikal', 2020, 'November'),
	(108, 'Blok Klinikal', 2020, 'December'),
	(109, 'Blok Pendidikan', 2020, 'January'),
	(110, 'Blok Pendidikan', 2020, 'February'),
	(111, 'Blok Pendidikan', 2020, 'March'),
	(112, 'Blok Pendidikan', 2020, 'April'),
	(113, 'Blok Pendidikan', 2020, 'May'),
	(114, 'Blok Pendidikan', 2020, 'June'),
	(115, 'Blok Pendidikan', 2020, 'July'),
	(116, 'Blok Pendidikan', 2020, 'August'),
	(117, 'Blok Pendidikan', 2020, 'September'),
	(118, 'Blok Pendidikan', 2020, 'October'),
	(119, 'Blok Pendidikan', 2020, 'November'),
	(120, 'Blok Pendidikan', 2020, 'December'),
	(121, 'Blok Taska Permata PPUKM', 2020, 'January'),
	(122, 'Blok Taska Permata PPUKM', 2020, 'February'),
	(123, 'Blok Taska Permata PPUKM', 2020, 'March'),
	(124, 'Blok Taska Permata PPUKM', 2020, 'April'),
	(125, 'Blok Taska Permata PPUKM', 2020, 'May'),
	(126, 'Blok Taska Permata PPUKM', 2020, 'June'),
	(127, 'Blok Taska Permata PPUKM', 2020, 'July'),
	(128, 'Blok Taska Permata PPUKM', 2020, 'August'),
	(129, 'Blok Taska Permata PPUKM', 2020, 'September'),
	(130, 'Blok Taska Permata PPUKM', 2020, 'October'),
	(131, 'Blok Taska Permata PPUKM', 2020, 'November'),
	(132, 'Blok Taska Permata PPUKM', 2020, 'December'),
	(133, 'Dwitasik Permaisuri', 2020, 'January'),
	(134, 'Dwitasik Permaisuri', 2020, 'February'),
	(135, 'Dwitasik Permaisuri', 2020, 'March'),
	(136, 'Dwitasik Permaisuri', 2020, 'April'),
	(137, 'Dwitasik Permaisuri', 2020, 'May'),
	(138, 'Dwitasik Permaisuri', 2020, 'June'),
	(139, 'Dwitasik Permaisuri', 2020, 'July'),
	(140, 'Dwitasik Permaisuri', 2020, 'August'),
	(141, 'Dwitasik Permaisuri', 2020, 'September'),
	(142, 'Dwitasik Permaisuri', 2020, 'October'),
	(143, 'Dwitasik Permaisuri', 2020, 'November'),
	(144, 'Dwitasik Permaisuri', 2020, 'December'),
	(145, 'Bangunan Pra-Klinikal', 2020, 'January'),
	(146, 'Bangunan Pra-Klinikal', 2020, 'February'),
	(147, 'Bangunan Pra-Klinikal', 2020, 'March'),
	(148, 'Bangunan Pra-Klinikal', 2020, 'April'),
	(149, 'Bangunan Pra-Klinikal', 2020, 'May'),
	(150, 'Bangunan Pra-Klinikal', 2020, 'June'),
	(151, 'Bangunan Pra-Klinikal', 2020, 'July'),
	(152, 'Bangunan Pra-Klinikal', 2020, 'August'),
	(153, 'Bangunan Pra-Klinikal', 2020, 'September'),
	(154, 'Bangunan Pra-Klinikal', 2020, 'October'),
	(155, 'Bangunan Pra-Klinikal', 2020, 'November'),
	(156, 'Bangunan Pra-Klinikal', 2020, 'December'),
	(157, 'Asrama Jururawat', 2020, 'January'),
	(158, 'Asrama Jururawat', 2020, 'February'),
	(159, 'Asrama Jururawat', 2020, 'March'),
	(160, 'Asrama Jururawat', 2020, 'April'),
	(161, 'Asrama Jururawat', 2020, 'May'),
	(162, 'Asrama Jururawat', 2020, 'June'),
	(163, 'Asrama Jururawat', 2020, 'July'),
	(164, 'Asrama Jururawat', 2020, 'August'),
	(165, 'Asrama Jururawat', 2020, 'September'),
	(166, 'Asrama Jururawat', 2020, 'October'),
	(167, 'Asrama Jururawat', 2020, 'November'),
	(168, 'Asrama Jururawat', 2020, 'December'),
	(169, 'Pusat Kesihatan UKM, Bangi', 2020, 'January'),
	(170, 'Pusat Kesihatan UKM, Bangi', 2020, 'February'),
	(171, 'Pusat Kesihatan UKM, Bangi', 2020, 'March'),
	(172, 'Pusat Kesihatan UKM, Bangi', 2020, 'April'),
	(173, 'Pusat Kesihatan UKM, Bangi', 2020, 'May'),
	(174, 'Pusat Kesihatan UKM, Bangi', 2020, 'June'),
	(175, 'Pusat Kesihatan UKM, Bangi', 2020, 'July'),
	(176, 'Pusat Kesihatan UKM, Bangi', 2020, 'August'),
	(177, 'Pusat Kesihatan UKM, Bangi', 2020, 'September'),
	(178, 'Pusat Kesihatan UKM, Bangi', 2020, 'October'),
	(179, 'Pusat Kesihatan UKM, Bangi', 2020, 'November'),
	(180, 'Pusat Kesihatan UKM, Bangi', 2020, 'December'),
	(181, 'Taska Permata PPUKM', 2020, 'January'),
	(182, 'Taska Permata PPUKM', 2020, 'February'),
	(183, 'Taska Permata PPUKM', 2020, 'March'),
	(184, 'Taska Permata PPUKM', 2020, 'April'),
	(185, 'Taska Permata PPUKM', 2020, 'May'),
	(186, 'Taska Permata PPUKM', 2020, 'June'),
	(187, 'Taska Permata PPUKM', 2020, 'July'),
	(188, 'Taska Permata PPUKM', 2020, 'August'),
	(189, 'Taska Permata PPUKM', 2020, 'September'),
	(190, 'Taska Permata PPUKM', 2020, 'October'),
	(191, 'Taska Permata PPUKM', 2020, 'November'),
	(192, 'Taska Permata PPUKM', 2020, 'December'),
	(193, 'Blok Klinikal', 2021, 'January'),
	(194, 'Blok Klinikal', 2021, 'February'),
	(195, 'Blok Klinikal', 2021, 'March'),
	(196, 'Blok Klinikal', 2021, 'April'),
	(197, 'Blok Klinikal', 2021, 'May'),
	(198, 'Blok Klinikal', 2021, 'June'),
	(199, 'Blok Klinikal', 2021, 'August'),
	(200, 'Blok Klinikal', 2021, 'September'),
	(201, 'Blok Klinikal', 2021, 'October'),
	(202, 'Blok Klinikal', 2021, 'November'),
	(203, 'Blok Klinikal', 2021, 'December'),
	(204, 'Blok Pendidikan', 2021, 'January'),
	(205, 'Blok Pendidikan', 2021, 'February'),
	(206, 'Blok Pendidikan', 2021, 'March'),
	(207, 'Blok Pendidikan', 2021, 'April'),
	(208, 'Blok Pendidikan', 2021, 'May'),
	(209, 'Blok Pendidikan', 2021, 'June'),
	(210, 'Blok Pendidikan', 2021, 'July'),
	(211, 'Blok Pendidikan', 2021, 'August'),
	(212, 'Blok Pendidikan', 2021, 'September'),
	(213, 'Blok Pendidikan', 2021, 'October'),
	(214, 'Blok Pendidikan', 2021, 'November'),
	(215, 'Blok Pendidikan', 2021, 'December'),
	(216, 'Blok Taska Permata PPUKM', 2021, 'January'),
	(217, 'Blok Taska Permata PPUKM', 2021, 'February'),
	(218, 'Blok Taska Permata PPUKM', 2021, 'March'),
	(219, 'Blok Taska Permata PPUKM', 2021, 'April'),
	(220, 'Blok Taska Permata PPUKM', 2021, 'May'),
	(221, 'Blok Taska Permata PPUKM', 2021, 'June'),
	(222, 'Blok Taska Permata PPUKM', 2021, 'July'),
	(223, 'Blok Taska Permata PPUKM', 2021, 'August'),
	(224, 'Blok Taska Permata PPUKM', 2021, 'September'),
	(225, 'Blok Taska Permata PPUKM', 2021, 'October'),
	(226, 'Blok Taska Permata PPUKM', 2021, 'November'),
	(227, 'Blok Taska Permata PPUKM', 2021, 'December'),
	(228, 'Dwitasik Permaisuri', 2021, 'January'),
	(229, 'Dwitasik Permaisuri', 2021, 'February'),
	(230, 'Dwitasik Permaisuri', 2021, 'March'),
	(231, 'Dwitasik Permaisuri', 2021, 'April'),
	(232, 'Dwitasik Permaisuri', 2021, 'May'),
	(233, 'Dwitasik Permaisuri', 2021, 'June'),
	(234, 'Dwitasik Permaisuri', 2021, 'July'),
	(235, 'Dwitasik Permaisuri', 2021, 'August'),
	(236, 'Dwitasik Permaisuri', 2021, 'September'),
	(237, 'Dwitasik Permaisuri', 2021, 'October'),
	(238, 'Dwitasik Permaisuri', 2021, 'November'),
	(239, 'Dwitasik Permaisuri', 2021, 'December'),
	(240, 'Bangunan Pra-Klinikal', 2021, 'January'),
	(241, 'Bangunan Pra-Klinikal', 2021, 'February'),
	(242, 'Bangunan Pra-Klinikal', 2021, 'March'),
	(243, 'Bangunan Pra-Klinikal', 2021, 'April'),
	(244, 'Bangunan Pra-Klinikal', 2021, 'May'),
	(245, 'Bangunan Pra-Klinikal', 2021, 'June'),
	(246, 'Bangunan Pra-Klinikal', 2021, 'July'),
	(247, 'Bangunan Pra-Klinikal', 2021, 'August'),
	(248, 'Bangunan Pra-Klinikal', 2021, 'September'),
	(249, 'Bangunan Pra-Klinikal', 2021, 'October'),
	(250, 'Bangunan Pra-Klinikal', 2021, 'November'),
	(251, 'Bangunan Pra-Klinikal', 2021, 'December'),
	(252, 'Asrama Jururawat', 2021, 'January'),
	(253, 'Asrama Jururawat', 2021, 'February'),
	(254, 'Asrama Jururawat', 2021, 'March'),
	(255, 'Asrama Jururawat', 2021, 'April'),
	(256, 'Asrama Jururawat', 2021, 'May'),
	(257, 'Asrama Jururawat', 2021, 'June'),
	(258, 'Asrama Jururawat', 2021, 'July'),
	(259, 'Asrama Jururawat', 2021, 'August'),
	(260, 'Asrama Jururawat', 2021, 'September'),
	(261, 'Asrama Jururawat', 2021, 'October'),
	(262, 'Asrama Jururawat', 2021, 'November'),
	(263, 'Asrama Jururawat', 2021, 'December'),
	(264, 'Pusat Kesihatan PPUKM', 2021, 'January'),
	(265, 'Pusat Kesihatan PPUKM', 2021, 'February'),
	(266, 'Pusat Kesihatan PPUKM', 2021, 'March'),
	(267, 'Pusat Kesihatan PPUKM', 2021, 'April'),
	(268, 'Pusat Kesihatan PPUKM', 2021, 'May'),
	(269, 'Pusat Kesihatan PPUKM', 2021, 'June'),
	(270, 'Pusat Kesihatan PPUKM', 2021, 'July'),
	(271, 'Pusat Kesihatan PPUKM', 2021, 'August'),
	(272, 'Pusat Kesihatan PPUKM', 2021, 'September'),
	(273, 'Pusat Kesihatan PPUKM', 2021, 'October'),
	(274, 'Pusat Kesihatan PPUKM', 2021, 'November'),
	(275, 'Pusat Kesihatan PPUKM', 2021, 'December'),
	(276, 'Taska Permata PPUKM', 2021, 'January'),
	(277, 'Taska Permata PPUKM', 2021, 'February'),
	(278, 'Taska Permata PPUKM', 2021, 'March'),
	(279, 'Taska Permata PPUKM', 2021, 'April'),
	(280, 'Taska Permata PPUKM', 2021, 'May'),
	(281, 'Taska Permata PPUKM', 2021, 'June'),
	(282, 'Taska Permata PPUKM', 2021, 'July'),
	(283, 'Taska Permata PPUKM', 2021, 'August'),
	(284, 'Taska Permata PPUKM', 2021, 'September'),
	(285, 'Taska Permata PPUKM', 2021, 'October'),
	(286, 'Taska Permata PPUKM', 2021, 'November'),
	(287, 'Taska Permata PPUKM', 2021, 'December');
/*!40000 ALTER TABLE `blok2` ENABLE KEYS */;

-- Dumping structure for table persada.bulan
CREATE TABLE IF NOT EXISTS `bulan` (
  `bulan_id` int(11) NOT NULL AUTO_INCREMENT,
  `bulan` varchar(100) NOT NULL,
  PRIMARY KEY (`bulan_id`)
) ENGINE=InnoDB AUTO_INCREMENT=13 DEFAULT CHARSET=latin1;

-- Dumping data for table persada.bulan: ~12 rows (approximately)
/*!40000 ALTER TABLE `bulan` DISABLE KEYS */;
INSERT INTO `bulan` (`bulan_id`, `bulan`) VALUES
	(1, 'January'),
	(2, 'February'),
	(3, 'March'),
	(4, 'April'),
	(5, 'May'),
	(6, 'June'),
	(7, 'July'),
	(8, 'August'),
	(9, 'September'),
	(10, 'October'),
	(11, 'November'),
	(12, 'December');
/*!40000 ALTER TABLE `bulan` ENABLE KEYS */;

-- Dumping structure for table persada.daily_maintenance
CREATE TABLE IF NOT EXISTS `daily_maintenance` (
  `daily_id` int(11) NOT NULL AUTO_INCREMENT,
  `driver_name` varchar(255) NOT NULL,
  `no_plat` varchar(255) NOT NULL,
  `tarikh` date NOT NULL,
  `mileage_reading` int(11) NOT NULL,
  `trip_mileage` int(11) NOT NULL,
  PRIMARY KEY (`daily_id`)
) ENGINE=InnoDB AUTO_INCREMENT=104 DEFAULT CHARSET=latin1;

-- Dumping data for table persada.daily_maintenance: ~100 rows (approximately)
/*!40000 ALTER TABLE `daily_maintenance` DISABLE KEYS */;
INSERT INTO `daily_maintenance` (`daily_id`, `driver_name`, `no_plat`, `tarikh`, `mileage_reading`, `trip_mileage`) VALUES
	(4, 'Ehsan', 'VBP 3276', '2018-08-24', 6752, 100),
	(5, 'Khairul', 'VBP 3276', '2018-08-26', 6924, 172),
	(6, 'Ehsan', 'VBP 3276', '2018-08-27', 7030, 106),
	(7, 'Ehsan', 'VBP 3276', '2018-08-28', 7257, 227),
	(8, 'Ehsan', 'VBP 3276', '2018-08-29', 7341, 84),
	(9, 'Ehsan', 'VBP 3276', '2018-09-03', 7567, 226),
	(10, 'Ehsan', 'VBP 3276', '2018-09-04', 7818, 251),
	(11, 'Ehsan', 'VBP 3276', '2018-09-05', 7895, 77),
	(12, 'Ehsan', 'VBP 3276', '2018-09-06', 8153, 258),
	(13, 'Ehsan', 'VBP 3276', '2018-09-07', 8229, 76),
	(14, 'Redzuan', 'VBP 3276', '2018-09-10', 8346, 117),
	(15, 'Khairul', 'VBP 3276', '2018-09-11', 8558, 212),
	(16, 'Ehsan', 'VBP 3276', '2018-09-12', 8635, 77),
	(17, 'Ehsan', 'VBP 3276', '2018-09-13', 8851, 216),
	(18, 'Ehsan', 'VBP 3276', '2018-09-14', 8933, 82),
	(19, 'Ehsan', 'VBP 3276', '2018-09-16', 9103, 80),
	(20, 'Redzuan', 'VBP 3276', '2018-09-17', 9222, 209),
	(21, 'Redzuan', 'VBP 3276', '2018-09-18', 9421, 199),
	(22, 'Ehsan', 'VBP 3276', '2018-09-19', 9531, 110),
	(23, 'Khairul', 'VBP 3276', '2018-09-20', 9725, 194),
	(24, 'Ehsan', 'VBP 3276', '2018-09-21', 9834, 109),
	(25, 'Ehsan', 'VBP 3276', '2018-09-23', 9954, 120),
	(26, 'Ehsan', 'VBP 3276', '2018-09-24', 10060, 106),
	(27, 'Ehsan', 'VBP 3276', '2018-09-25', 10326, 266),
	(28, 'Ehsan', 'VBP 3276', '2018-09-26', 10402, 76),
	(29, 'Ehsan', 'VBP 3276', '2018-09-27', 10652, 250),
	(30, 'Ehsan', 'VBP 3276', '2018-09-28', 10805, 153),
	(31, 'Ehsan', 'VBP 3276', '2018-09-30', 10940, 135),
	(32, 'Ehsan', 'VBP 3276', '2018-10-01', 11062, 122),
	(33, 'Ehsan', 'VBP 3276', '2018-10-02', 11286, 224),
	(34, 'Ehsan', 'VBP 3276', '2018-10-03', 11391, 105),
	(35, 'Khairul', 'VBP 3276', '2018-10-04', 11619, 228),
	(36, 'Ehsan', 'VBP 3276', '2018-11-05', 11745, 126),
	(37, 'Khairul', 'VBP 3276', '2018-10-07', 11922, 177),
	(38, 'Ehsan', 'VBP 3276', '2018-10-08', 12074, 152),
	(39, 'Ehsan', 'VBP 3276', '2018-10-09', 1300, 226),
	(40, 'Ehsan', 'VBP 3276', '2018-10-10', 12405, 105),
	(41, 'Khairul', 'VBP 3276', '2018-10-11', 12662, 257),
	(42, 'Ehsan', 'VBP 3276', '2018-10-12', 12758, 96),
	(43, 'Khairul', 'VBP 3276', '2018-10-14', 12930, 172),
	(44, 'Ehsan', 'VBP 3276', '2018-10-15', 13007, 77),
	(45, 'Khairul', 'VBP 3276', '2018-10-16', 13178, 171),
	(46, 'Ehsan', 'VBP 3276', '2018-10-17', 13265, 87),
	(47, 'Khairul', 'VBP 3276', '2018-10-18', 13467, 202),
	(48, 'Ehsan', 'VBP 3276', '2018-10-19', 13549, 82),
	(49, 'Khairul', 'VBP 3276', '2018-10-21', 13738, 189),
	(50, 'Ehsan', 'VBP 3276', '2018-10-22', 13870, 132),
	(51, 'Ehsan', 'VBP 3276', '2018-10-23', 14097, 227),
	(52, 'Ehsan', 'VBP 3276', '2018-10-24', 14204, 107),
	(53, 'Ehsan', 'VBP 3276', '2018-10-25', 14431, 227),
	(54, 'Ehsan', 'VBP 3276', '2018-10-26', 14514, 83),
	(55, 'Khairul', 'VBP 3276', '2018-10-28', 14685, 171),
	(56, 'Ehsan', 'VBP 3276', '2018-10-29', 14769, 84),
	(57, 'Khairul', 'VBP 3276', '2018-10-30', 14962, 193),
	(58, 'Ehsan', 'VBP 3276', '2018-10-31', 15058, 96),
	(59, 'Khairul', 'VBP 3276', '2018-11-01', 15252, 194),
	(60, 'Khairul', 'VBP 3276', '2018-11-04', 15521, 269),
	(61, 'Ehsan', 'VBP 3276', '2018-11-09', 15988, 467),
	(62, 'Khairul', 'VBP 3276', '2018-11-11', 16216, 228),
	(63, 'Ehsan', 'VBP 3276', '2018-11-12', 16303, 87),
	(64, 'Ehsan', 'VBP 3276', '2018-11-13', 16530, 227),
	(65, 'Ehsan', 'VBP 3276', '2018-11-14', 16609, 79),
	(66, 'Redzuan', 'VBP 3276', '2018-11-15', 16798, 189),
	(67, 'Redzuan', 'VBP 3276', '2018-11-16', 16991, 193),
	(68, 'Chan', 'VBP 3276', '2018-11-19', 17073, 82),
	(69, 'Ehsan', 'VBP 3276', '2018-11-21', 17171, 98),
	(70, 'Ehsan', 'VBP 3276', '2018-11-22', 17393, 222),
	(71, 'Ehsan', 'VBP 3276', '2018-11-23', 17504, 111),
	(72, 'Khairul', 'VBP 3276', '2018-11-25', 17681, 177),
	(73, 'Ehsan', 'VBP 3276', '2018-11-26', 17774, 93),
	(74, 'Ehsan', 'VBP 3276', '2018-11-28', 18031, 257),
	(75, 'Ehsan', 'VBP 3276', '2018-11-30', 18234, 203),
	(76, 'Chan', 'VBP 3276', '2018-12-03', 18400, 166),
	(77, 'Ehsan', 'VBP 3276', '2018-12-04', 18626, 226),
	(78, 'Chan', 'VBP 3276', '2018-12-05', 18716, 90),
	(79, 'Ehsan', 'VBP 3276', '2018-12-06', 18898, 182),
	(80, 'Chan', 'VBP 3276', '2018-12-07', 18995, 97),
	(81, 'Chan', 'VBP 3276', '2018-12-09', 19213, 218),
	(82, 'Ehsan', 'VBP 3276', '2018-12-11', 19528, 315),
	(83, 'Khairul', 'VBP 3276', '2018-12-13', 19836, 308),
	(84, 'Ehsan', 'VBP 3276', '2018-12-14', 19910, 74),
	(85, 'Khairul', 'VBP 3276', '2018-12-16', 20102, 192),
	(86, 'Khairul', 'VBP 3276', '2018-12-18', 20330, 210),
	(87, 'Chan', 'VBP 3276', '2018-12-19', 20409, 79),
	(88, 'ehsan', 'VBP 3276', '2018-12-24', 20886, 477),
	(89, 'Ehsan', 'WA 4669 G', '2018-12-30', 117913, 0),
	(90, 'khairul', 'VBP 3276', '2018-12-30', 21533, 0),
	(91, 'khairul', 'VBP 3276', '2018-12-30', 21533, 0),
	(92, 'khairul', 'VAC 7636', '2018-12-31', 41271, 0),
	(93, 'ehsan', 'VBP 3276', '2018-12-31', 21672, 0),
	(94, 'khairul', 'VAC 7636', '2019-01-02', 41388, 117),
	(95, 'ehsan', 'VBP 3276', '2019-01-02', 21891, 0),
	(96, 'redzuan', 'WC 7520 J', '2019-01-02', 71643, 0),
	(97, 'chan', 'VBP 3276', '2019-01-03', 21966, 75),
	(98, 'ehsan', 'VAC 7636', '2019-01-03', 41616, 228),
	(99, 'redzuan', 'VAC 7636', '2019-01-04', 41728, 112),
	(100, 'khairul', 'WA 4669 G', '2019-01-03', 118172, 259),
	(101, 'khairul', 'WA 4669 G', '2019-01-04', 118323, 151),
	(102, 'khairul', 'WA 4669 G', '2019-01-06', 118448, 125),
	(103, 'redzuan', 'WC 7520 J', '2019-01-06', 71959, 316);
/*!40000 ALTER TABLE `daily_maintenance` ENABLE KEYS */;

-- Dumping structure for table persada.gallon
CREATE TABLE IF NOT EXISTS `gallon` (
  `gallon_id` int(11) NOT NULL AUTO_INCREMENT,
  `customer_id` varchar(100) NOT NULL,
  `jabatan` varchar(100) NOT NULL,
  `unit` varchar(100) NOT NULL,
  `blok` varchar(100) NOT NULL,
  `tingkat` varchar(100) NOT NULL,
  `peruntukan_bulanan` int(100) NOT NULL,
  `botol_penuh` int(11) NOT NULL,
  `botol_kosong` int(11) NOT NULL,
  `bulan` varchar(100) NOT NULL,
  `tahun` varchar(100) NOT NULL,
  `resit` text NOT NULL,
  `status` int(11) NOT NULL,
  PRIMARY KEY (`gallon_id`)
) ENGINE=InnoDB AUTO_INCREMENT=153 DEFAULT CHARSET=latin1;

-- Dumping data for table persada.gallon: ~134 rows (approximately)
/*!40000 ALTER TABLE `gallon` DISABLE KEYS */;
INSERT INTO `gallon` (`gallon_id`, `customer_id`, `jabatan`, `unit`, `blok`, `tingkat`, `peruntukan_bulanan`, `botol_penuh`, `botol_kosong`, `bulan`, `tahun`, `resit`, `status`) VALUES
	(1, 'UKM001-2', 'Jabatan Perkhidmatan Pemulihan Perubatan', 'Unit Prostetik & Ortotik', 'Blok Klinikal', 'Tingkat B', 5, 3, 2, 'January', '2019', '', 1),
	(2, 'UKM001-2', 'Jabatan Perkhidmatan Pemulihan Perubatan', 'Unit Prostetik & Ortotik', 'Blok Klinikal', 'Tingkat B', 5, 2, 0, 'January', '2019', '', 1),
	(3, 'UKM027-1', 'Bahagian Governan Dan Pentadbiran KKL', 'Bilik Mesyuarat SUKMARIA', 'Blok Klinikal', 'Tingkat 3', 8, 0, 2, 'January', '2019', '', 1),
	(4, 'UKM024-1', 'Jabatan Kerja Sosial Perubatan', 'Ruang Menunggu', 'Blok Klinikal', 'Tingkat 3', 44, 4, 4, 'January', '2019', '', 1),
	(5, 'UKM001-2', 'Jabatan Perkhidmatan Pemulihan Perubatan', 'Unit Prostetik & Ortotik', 'Blok Klinikal', 'Tingkat B', 5, 2, 0, 'January', '2019', '', 1),
	(6, 'UKM001-2', 'Jabatan Perkhidmatan Pemulihan Perubatan', 'Unit Prostetik & Ortotik', 'Blok Klinikal', 'Tingkat B', 5, 0, 10, 'January', '2019', '', 1),
	(7, 'UKM026-4', 'Jabatan Surgeri', 'Klinik Bedah Mulut Dan Maksilofasial', 'Blok Klinikal', 'Tingkat 1', 5, 5, 0, 'January', '2019', '', 1),
	(8, 'UKM026-4', 'Jabatan Surgeri', 'Klinik Bedah Mulut Dan Maksilofasial', 'Blok Klinikal', 'Tingkat 1', 5, 0, 5, 'January', '2019', '', 1),
	(9, 'UKM036-3', 'Jabatan Psikiatri', 'Unit Psikiatri Komuniti Dan Intervensi Psikososial', 'Blok Klinikal', 'Tingkat 1', 4, 3, 0, 'January', '2019', '', 1),
	(10, 'UKM036-3', 'Jabatan Psikiatri', 'Unit Psikiatri Komuniti Dan Intervensi Psikososial', 'Blok Klinikal', 'Tingkat 1', 4, 2, 2, 'January', '2019', '', 1),
	(11, 'UKM036-3', 'Jabatan Psikiatri', 'Unit Psikiatri Komuniti Dan Intervensi Psikososial', 'Blok Klinikal', 'Tingkat 1', 4, 1, 1, 'January', '2019', '', 1),
	(12, 'UKM036-2', 'Jabatan Psikiatri', 'Klinik Psikiatri Kanak-Kanak Dan Remaja', 'Blok Klinikal', 'Tingkat 1', 4, 3, 0, 'January', '2019', '', 1),
	(13, 'UKM036-2', 'Jabatan Psikiatri', 'Klinik Psikiatri Kanak-Kanak Dan Remaja', 'Blok Klinikal', 'Tingkat 1', 4, 1, 3, 'January', '2019', '', 1),
	(14, 'UKM036-1', 'Jabatan Psikiatri', 'Klinik Psikiatri', 'Blok Klinikal', 'Tingkat 1', 4, 2, 0, 'January', '2019', '', 1),
	(15, 'UKM036-1', 'Jabatan Psikiatri', 'Klinik Psikiatri', 'Blok Klinikal', 'Tingkat 1', 4, 1, 3, 'January', '2019', '', 1),
	(16, 'UKM036-1', 'Jabatan Psikiatri', 'Klinik Psikiatri', 'Blok Klinikal', 'Tingkat 1', 4, 0, 1, 'January', '2019', '', 1),
	(19, 'UKM036-4', 'Jabatan Psikiatri', 'Wad Psy Lelaki (Kaunter)', 'Blok Klinikal', 'Tingkat 1', 4, 4, 0, 'January', '2019', '', 1),
	(20, 'UKM036-4', 'Jabatan Psikiatri', 'Wad Psy Lelaki (Kaunter)', 'Blok Klinikal', 'Tingkat 1', 4, 0, 4, 'January', '2019', '', 1),
	(21, 'UKM022-1', 'Dewan Bedah Utama', 'Pantri Doktor', 'Blok Klinikal', 'Tingkat 2', 47, 47, 1, 'January', '2019', '', 1),
	(22, 'UKM022-1', 'Dewan Bedah Utama', 'Pantri Doktor', 'Blok Klinikal', 'Tingkat 2', 47, 0, 31, 'January', '2019', '', 1),
	(23, 'UKM022-1', 'Dewan Bedah Utama', 'Pantri Doktor', 'Blok Klinikal', 'Tingkat 2', 47, 0, 8, 'January', '2019', '', 1),
	(24, 'UKM026-1', 'Jabatan Surgeri', 'Pusat Jagaan Harian Surgeri', 'Blok Klinikal', 'Tingkat 2', 6, 6, 2, 'January', '2019', '', 1),
	(25, 'UKM026-1', 'Jabatan Surgeri', 'Pusat Jagaan Harian Surgeri', 'Blok Klinikal', 'Tingkat 2', 6, 0, 4, 'January', '2019', '', 1),
	(26, 'UKM030-2', 'Jabatan Perubatan Keluarga', 'Pantri Pusat Perubatan Primer', 'Dwitasik Permaisuri', '- TIADA -', 20, 20, 13, 'January', '2019', '', 1),
	(27, 'UKM030-2', 'Jabatan Perubatan Keluarga', 'Pantri Pusat Perubatan Primer', 'Dwitasik Permaisuri', '- TIADA -', 20, 0, 7, 'January', '2019', '', 1),
	(28, 'UKM019-3', 'Jabatan Khidmat Pelanggan', 'Bilik Telefonis', 'Blok Klinikal', 'Tingkat 1', 2, 2, 1, 'January', '2019', '', 1),
	(29, 'UKM019-3', 'Jabatan Khidmat Pelanggan', 'Bilik Telefonis', 'Blok Klinikal', 'Tingkat 1', 2, 0, 1, 'January', '2019', '', 1),
	(30, 'UKM031-1', 'Jabatan Obstetrik & Ginekologi', 'Wad 1B @ Wad OB 2', 'Blok Klinikal', 'Tingkat 1', 14, 14, 0, 'January', '2019', '', 1),
	(31, 'UKM031-1', 'Jabatan Obstetrik & Ginekologi', 'Wad 1B @ Wad OB 2', 'Blok Klinikal', 'Tingkat 1', 14, 0, 13, 'January', '2019', '', 1),
	(32, 'UKM031-1', 'Jabatan Obstetrik & Ginekologi', 'Wad 1B @ Wad OB 2', 'Blok Klinikal', 'Tingkat 1', 14, 0, 1, 'January', '2019', '', 1),
	(33, 'UKM005-3', 'Farmasi', 'Farmasi Pesakit Luar', 'Blok Klinikal', 'Tingkat G', 50, 34, 16, 'January', '2019', '', 1),
	(34, 'UKM005-3', 'Farmasi', 'Farmasi Pesakit Luar', 'Blok Klinikal', 'Tingkat G', 50, 0, 20, 'January', '2019', '', 1),
	(35, 'UKM025-4', 'Jabatan Perubatan', 'Pusat Jagaan Harian Hematologi', 'Blok Klinikal', 'Tingkat G', 5, 4, 0, 'January', '2019', '', 1),
	(36, 'UKM025-4', 'Jabatan Perubatan', 'Pusat Jagaan Harian Hematologi', 'Blok Klinikal', 'Tingkat G', 5, 0, 2, 'January', '2019', '', 1),
	(37, 'UKM025-4', 'Jabatan Perubatan', 'Pusat Jagaan Harian Hematologi', 'Blok Klinikal', 'Tingkat G', 5, 0, 1, 'January', '2019', '', 1),
	(38, 'UKM019-1', 'Jabatan Khidmat Pelanggan', 'Lobi Utama, Kaunter Jabatan Khidmat Pelanggan', 'Blok Klinikal', 'Tingkat G', 2, 2, 2, 'January', '2019', '', 1),
	(39, 'UKM008-5', 'Jabatan Perubatan Kecemasan', 'Unit Pra Hospital', 'Blok Klinikal', 'Tingkat G', 5, 5, 0, 'January', '2019', '', 1),
	(40, 'UKM008-5', 'Jabatan Perubatan Kecemasan', 'Unit Pra Hospital', 'Blok Klinikal', 'Tingkat G', 5, 0, 5, 'January', '2019', '', 1),
	(41, 'UKM009-1', 'Jabatan Multimedia Dan Penyiaran', 'Ruang Pejabat', 'Blok Pendidikan', 'Tingkat G', 4, 4, 4, 'January', '2019', '', 1),
	(42, 'UKM015-1', 'Pejabat Pengarah', 'Pantri Pejabat Pengarah', 'Blok Pendidikan', 'Tingkat 1', 11, 11, 0, 'January', '2019', '', 1),
	(43, 'UKM015-1', 'Pejabat Pengarah', 'Pantri Pejabat Pengarah', 'Blok Pendidikan', 'Tingkat 1', 11, 0, 7, 'January', '2019', '', 1),
	(44, 'UKM015-1', 'Pejabat Pengarah', 'Pantri Pejabat Pengarah', 'Blok Pendidikan', 'Tingkat 1', 11, 0, 4, 'January', '2019', '', 1),
	(45, 'UKM004-1', 'Jabatan Maklumat Kesihatan', 'Pantri Jabatan', 'Blok Klinikal', 'Tingkat B', 20, 10, 4, 'January', '2019', '', 1),
	(46, 'UKM004-1', 'Jabatan Maklumat Kesihatan', 'Pantri Jabatan', 'Blok Klinikal', 'Tingkat B', 20, 0, 6, 'January', '2019', '', 1),
	(47, 'UKM004-1', 'Jabatan Maklumat Kesihatan', 'Pantri Jabatan', 'Blok Klinikal', 'Tingkat B', 20, 10, 10, 'January', '2019', '', 1),
	(48, 'UKM018-2', 'Jabatan Radioterapi & Onkologi', 'Wad Onkologi Tengku Ampuan Afzan (MAKNA)', 'Blok Klinikal', 'Tingkat 1', 20, 20, 0, 'January', '2019', '', 1),
	(49, 'UKM018-2', 'Jabatan Radioterapi & Onkologi', 'Wad Onkologi Tengku Ampuan Afzan (MAKNA)', 'Blok Klinikal', 'Tingkat 1', 20, 0, 17, 'January', '2019', '', 1),
	(50, 'UKM018-2', 'Jabatan Radioterapi & Onkologi', 'Wad Onkologi Tengku Ampuan Afzan (MAKNA)', 'Blok Klinikal', 'Tingkat 1', 20, 0, 3, 'January', '2019', '', 1),
	(57, 'UKM016-6', 'Jabatan Bendahari KKL', 'Unit Stor Pusat', 'Blok Klinikal', 'Tingkat 7', 10, 0, 2, 'January', '2019', '', 1),
	(58, 'UKM016-6', 'Jabatan Bendahari KKL', 'Unit Stor Pusat', 'Blok Klinikal', 'Tingkat 7', 10, 8, 0, 'January', '2019', '', 1),
	(59, 'UKM016-6', 'Jabatan Bendahari KKL', 'Unit Stor Pusat', 'Blok Klinikal', 'Tingkat 7', 10, 0, 6, 'January', '2019', '', 1),
	(60, 'UKM016-6', 'Jabatan Bendahari KKL', 'Unit Stor Pusat', 'Blok Klinikal', 'Tingkat 7', 10, 0, 2, 'January', '2019', '', 1),
	(61, 'UKM002-1', 'Jabatan Perkhidmatan Makmal Diagnostik', 'Pejabat Am', 'Blok Klinikal', 'Tingkat B', 16, 14, 3, 'January', '2019', '', 1),
	(62, 'UKM002-1', 'Jabatan Perkhidmatan Makmal Diagnostik', 'Pejabat Am', 'Blok Klinikal', 'Tingkat B', 16, 0, 4, 'January', '2019', '', 1),
	(63, 'UKM002-1', 'Jabatan Perkhidmatan Makmal Diagnostik', 'Pejabat Am', 'Blok Klinikal', 'Tingkat B', 16, 0, 9, 'January', '2019', '', 1),
	(64, 'UKM005-1', 'Farmasi', 'Farmasi Bekalan Wad (Pantri)', 'Blok Klinikal', 'Tingkat B', 21, 21, 5, 'January', '2019', '', 1),
	(65, 'UKM005-1', 'Farmasi', 'Farmasi Bekalan Wad (Pantri)', 'Blok Klinikal', 'Tingkat B', 21, 0, 5, 'January', '2019', '', 1),
	(66, 'UKM005-1', 'Farmasi', 'Farmasi Bekalan Wad (Pantri)', 'Blok Klinikal', 'Tingkat B', 21, 0, 11, 'January', '2019', '', 1),
	(67, 'UKM019-4', 'Jabatan Khidmat Pelanggan', 'Kaunter Pendaftaran Khidmat Pelanggan Kecemasan', 'Blok Klinikal', 'Tingkat G', 3, 3, 3, 'January', '2019', '', 1),
	(68, 'UKM003-1', 'Jabatan Keselamatan KKL', 'Pantri Jabatan', 'Blok Klinikal', 'Tingkat B', 60, 48, 8, 'January', '2019', '', 1),
	(69, 'UKM003-1', 'Jabatan Keselamatan KKL', 'Pantri Jabatan', 'Blok Klinikal', 'Tingkat B', 60, 12, 16, 'January', '2019', '', 1),
	(70, 'UKM003-1', 'Jabatan Keselamatan KKL', 'Pantri Jabatan', 'Blok Klinikal', 'Tingkat B', 60, 0, 31, 'January', '2019', '', 1),
	(71, 'UKM003-1', 'Jabatan Keselamatan KKL', 'Pantri Jabatan', 'Blok Klinikal', 'Tingkat B', 60, 0, 5, 'January', '2019', '', 1),
	(72, 'UKM016-3', 'Jabatan Bendahari KKL', 'Pantri Unit-unit Jabatan Kewangan', 'Blok Pendidikan', 'Tingkat 1', 20, 20, 0, 'January', '2019', '', 1),
	(73, 'UKM016-3', 'Jabatan Bendahari KKL', 'Pantri Unit-unit Jabatan Kewangan', 'Blok Pendidikan', 'Tingkat 1', 20, 0, 17, 'January', '2019', '', 1),
	(74, 'UKM013-1', 'Bahagian Sumber Manusia KKL', 'Pantri Bahagian Sumber Manusia KKL', 'Blok Pendidikan', 'Tingkat 1', 13, 13, 0, 'January', '2019', '', 1),
	(75, 'UKM013-1', 'Bahagian Sumber Manusia KKL', 'Pantri Bahagian Sumber Manusia KKL', 'Blok Pendidikan', 'Tingkat 1', 13, 0, 12, 'January', '2019', '', 1),
	(76, 'UKM013-1', 'Bahagian Sumber Manusia KKL', 'Pantri Bahagian Sumber Manusia KKL', 'Blok Pendidikan', 'Tingkat 1', 13, 0, 1, 'January', '2019', '', 1),
	(77, 'UKM013-2', 'Bahagian Sumber Manusia KKL', 'Pantri Unit Pembangunan Sumber Manusia', 'Blok Pendidikan', 'Tingkat 1', 5, 5, 0, 'January', '2019', '', 1),
	(78, 'UKM013-2', 'Bahagian Sumber Manusia KKL', 'Pantri Unit Pembangunan Sumber Manusia', 'Blok Pendidikan', 'Tingkat 1', 5, 0, 5, 'January', '2019', '', 1),
	(79, 'UKM020-1', 'Bahagian Governan dan Pentadbiran KKL', 'Pantri Bahagian Governan dan Pentadbiran', 'Asrama Jururawat', 'Tingkat 1', 5, 2, 1, 'February', '2019', '', 1),
	(80, 'UKM020-2', 'Bahagian Governan Dan Pentadbiran KKL', 'Bilik Pemandu Ambulans, Unit Kenderaan', 'Blok Klinikal', 'Tingkat G', 3, 5, 0, 'February', '2019', '', 1),
	(81, 'UKM013-1', 'Bahagian Sumber Manusia KKL', 'Pantri Bahagian Sumber Manusia KKL', 'Blok Pendidikan', 'Tingkat 1', 13, 0, 0, 'February', '2019', '../assests/images/stock/18957872855c57bacdaa701.jpg', 1),
	(85, 'UKM020-3', 'Bahagian Governan Dan Pentadbiran KKL', 'Unit Kenderaan, Jabatan Pentadbiran Am', 'Taska Permata PPUKM', 'Tiada', 4, 2, 1, 'February', '2019', '2019-02-08_08-52-2056085886.jpeg', 1),
	(86, 'UKM004-1', 'Jabatan Maklumat Kesihatan', 'Pantri Jabatan', 'Blok Klinikal', 'Tingkat B', 20, 10, 10, 'February', '2019', '2019-02-09_04-41-1829645159.jpeg', 1),
	(87, 'UKM005-5', 'Farmasi', 'Farmasi Pusat Perubatan Primer', 'Dwitasik Permaisuri', 'Tiada', 21, 6, 3, 'January', '2019', '2019-02-09_04-42-4031872163.jpeg', 1),
	(88, 'UKM034-1', 'Jabatan Kejururawatan', 'Pantri Jabatan Kejururawatan (Blok Klinikal)', 'Blok Klinikal', 'Tingkat 5', 15, 12, 3, 'February', '2019', '2019-02-09_04-43-4715866218.jpeg', 1),
	(89, 'UKM029-2', 'Taska Permata PPUKM', 'Pusat 2', 'Taska Permata PPUKM', 'Tiada', 6, 6, 0, 'January', '2019', '2019-02-09_04-45-1092677743.jpeg', 1),
	(90, 'UKM025-8', 'Jabatan Perubatan', 'Unit Hemodialisis Satelit PPUKM', 'Pusat Kesihatan UKM, Bangi', 'Tiada', 5, 5, 5, 'January', '2019', '2019-02-09_04-46-2297543280.jpeg', 1),
	(91, 'UKM030-1', 'Jabatan Perubatan Keluarga', 'Pantri Jabatan Perubatan Keluarga', 'Bangunan Pra-Klinikal', 'Tingkat 14', 12, 6, 0, 'January', '2019', '2019-02-09_04-49-1082274562.jpeg', 1),
	(92, 'UKM007-1', 'Jabatan Pengimejan Molekul Perubatan Nuklear', 'Ruang Pejabat', 'Blok Klinikal', 'Tingkat G', 8, 8, 2, 'January', '2019', '2019-02-09_04-50-5458477487.jpeg', 1),
	(93, 'UKM010-1', 'Pusat Endoskopi', 'Pantri Pusat Endoskopi', 'Blok Klinikal', 'Tingkat 1', 25, 14, 6, 'February', '2019', '2019-02-09_04-51-4836802329.jpeg', 1),
	(98, 'UKM020-1', 'Bahagian Governan dan Pentadbiran KKL', 'Pantri Bahagian Governan dan Pentadbiran', 'Asrama Jururawat', 'Tingkat 1', 5, 0, 3, 'February', '2019', '2019-02-13_05-23-1559484561.jpeg', 1),
	(99, 'UKM020-1', 'Bahagian Governan dan Pentadbiran KKL', 'Pantri Bahagian Governan dan Pentadbiran', 'Asrama Jururawat', 'Tingkat 1', 5, 0, 2, 'February', '2019', '2019-02-13_05-33-0486447099_resit7.JPG.jpeg', 1),
	(100, 'UKM020-1', 'Bahagian Governan dan Pentadbiran KKL', 'Pantri Bahagian Governan dan Pentadbiran', 'Asrama Jururawat', 'Tingkat 1', 5, 0, 2, 'February', '2019', '2019-02-13_05-33-0423448904_resit8.JPG.jpeg', 1),
	(101, 'UKM020-1', 'Bahagian Governan dan Pentadbiran KKL', 'Pantri Bahagian Governan dan Pentadbiran', 'Asrama Jururawat', 'Tingkat 1', 5, 0, 2, 'February', '2019', '2019-02-13_05-33-0425106887_resit9.JPG.jpeg', 1),
	(102, 'UKM013-2', 'Bahagian Sumber Manusia KKL', 'Pantri Unit Pembangunan Sumber Manusia', 'Blok Pendidikan', 'Tingkat 1', 5, 0, 3, 'February', '2019', '2019-02-13_10-27-5812294993_resit10.JPG.jpeg', 1),
	(103, 'UKM009-1', 'Jabatan Multimedia Dan Penyiaran', 'Ruang Pejabat', 'Blok Pendidikan', 'Tingkat G', 4, 0, 4, 'February', '2019', '2019-02-13_10-30-2554807513_resit11.JPG.jpeg', 1),
	(104, 'UKM037-1', 'Unit Perundangan', 'Pantri', 'Blok Pendidikan', 'Tingkat 1', 8, 0, 4, 'February', '2019', '2019-02-13_10-33-2044881434_resit12.JPG.jpeg', 1),
	(105, 'UKM016-3', 'Jabatan Bendahari KKL', 'Pantri Unit-unit Jabatan Kewangan', 'Blok Pendidikan', 'Tingkat 1', 20, 0, 11, 'February', '2019', '2019-02-14_01-33-0119588664_resit13.JPG.jpeg', 1),
	(106, 'UKM015-1', 'Pejabat Pengarah', 'Pantri Pejabat Pengarah', 'Blok Pendidikan', 'Tingkat 1', 11, 0, 6, 'February', '2019', '2019-02-14_01-33-5895662226_resit14.JPG.jpeg', 1),
	(107, 'UKM013-1', 'Bahagian Sumber Manusia KKL', 'Pantri Bahagian Sumber Manusia KKL', 'Blok Pendidikan', 'Tingkat 1', 13, 0, 9, 'February', '2019', '2019-02-14_01-35-0287093529_resit15.JPG.jpeg', 1),
	(108, 'UKM017-1', 'Jabatan Teknologi Maklumat KKL', 'Pantri Jabatan Teknologi Maklumat', 'Blok Pendidikan', 'Tingkat 2', 37, 0, 12, 'February', '2019', '2019-02-14_01-35-5578771923_resit16.JPG.jpeg', 1),
	(109, 'UKM002-2', 'Jabatan Perkhidmatan Makmal Diagnostik', 'Bahagian Pengambilan Darah', 'Blok Klinikal', 'Tingkat G', 6, 0, 4, 'February', '2019', '2019-02-14_01-36-5632731571_resit17.JPG.jpeg', 1),
	(110, 'UKM022-1', 'Dewan Bedah Utama', 'Pantri Doktor', 'Tingkat 2, Blok Klinikal', 'Tingkat 2', 47, 9, 26, 'February', '2019', '2019-02-14_01-38-1340609081_resit18.JPG.jpeg', 1),
	(111, 'UKM005-1', 'Farmasi', 'Farmasi Bekalan Wad (Pantri)', 'Blok Klinikal', 'Tingkat B', 21, 4, 12, 'February', '2019', '2019-02-14_01-39-3182115787_resit19.JPG.jpeg', 1),
	(112, 'UKM001-3', 'Jabatan Perkhidmatan Pemulihan Perubatan', 'Unit Terapi Cara Kerja', 'Blok Klinikal', 'Tingkat B', 5, 5, 2, 'February', '2019', '2019-02-14_01-40-4093715623_resit20.JPG.jpeg', 1),
	(113, 'UKM018-2', 'Jabatan Radioterapi & Onkologi', 'Wad Onkologi Tengku Ampuan Afzan (MAKNA)', 'Blok Klinikal', 'Tingkat 1', 20, 0, 14, 'February', '2019', '2019-02-14_01-41-4593628104_resit21.JPG.jpeg', 1),
	(114, 'UKM005-3', 'Farmasi', 'Farmasi Pesakit Luar', 'Blok Klinikal', 'Tingkat G', 50, 0, 16, 'February', '2019', '2019-02-14_01-42-3456503469_resit22.JPG.jpeg', 1),
	(115, 'UKM005-2', 'Farmasi', 'Farmasi (Stor Bekalan Wad)', 'Blok Klinikal', 'Tingkat B', 21, 10, 8, 'February', '2019', '2019-02-14_01-47-5629872868_resit23.JPG.jpeg', 1),
	(116, 'UKM028-3', 'Jabatan Ortopedik', 'Jabatan Ortopedik', 'Blok Klinikal', 'Tingkat 9', 10, 10, 3, 'February', '2019', '2019-02-14_01-50-3421596779_resit24.JPG.jpeg', 1),
	(117, 'UKM035-1', 'Jabatan Otorinolaringologi', 'Pantri Jabatan', 'Blok Klinikal', 'Tingkat 9', 10, 10, 6, 'February', '2019', '2019-02-14_01-52-0745808018_resit25.JPG.jpeg', 1),
	(118, 'UKM035-2', 'Jabatan Otorinolaringologi', 'Klinik Otorinolaringologi', 'Blok Klinikal', 'Tingkat 1', 10, 5, 2, 'February', '2019', '2019-02-14_01-53-5188278391_resit26.JPG.jpeg', 1),
	(119, 'UKM025-7', 'Jabatan Perubatan', 'Unit Hemodialisis Sub-Acute', 'Blok Klinikal', 'Tingkat 5', 24, 10, 5, 'February', '2019', '2019-02-14_01-55-1284738913_resit27.JPG.jpeg', 1),
	(120, 'UKM033-1', 'Pusat Kejuruteraan Tisu', 'Ruang Pejabat Pusat Kejuruteraan Tisu', 'Blok Klinikal', 'Tingkat 12', 10, 10, 5, 'February', '2019', '2019-02-14_01-56-2370428565_resit28.JPG.jpeg', 1),
	(121, 'UKM035-3', 'Jabatan Otorinolaringologi', 'Wad 5H', 'Blok Klinikal', 'Tingkat 5\r\n', 24, 15, 10, 'February', '2019', '2019-02-14_01-57-2791953390_resit29.JPG.jpeg', 1),
	(122, 'UKM012-1', 'Jabatan Pengurusan Korporat', 'Pantri Jabatan Pengurusan Korporat', 'Blok Pendidikan', 'Tingkat 1', 10, 10, 5, 'February', '2019', '2019-02-20_02-31-3562698433_resit30.JPG.jpeg', 1),
	(123, 'UKM032-1', 'Unit Kawalan Infeksi', 'Unit Kawalan Infeksi', 'Blok Pendidikan', 'Tingkat 4', 6, 6, 3, 'February', '2019', '2019-02-20_02-32-4424288055_resit31.JPG.jpeg', 1),
	(124, 'UKM016-1', 'Jabatan Bendahari KKL', 'Unit Dasar & Penguatkuasaan', 'Blok Pendidikan', 'Tingkat 1', 7, 5, 3, 'February', '2019', '2019-02-20_02-34-3471198857_resit32.JPG.jpeg', 1),
	(125, 'UKM016-2', 'Jabatan Bendahari KKL', 'Pantri Unit Pentadbiran Dan Penerimaan', 'Blok Pendidikan', 'Tingkat 1', 15, 10, 6, 'February', '2019', '2019-02-20_02-35-2715471883_resit33.JPG.jpeg', 1),
	(127, 'UKM005-3', 'Farmasi', 'Farmasi Pesakit Luar', 'Blok Klinikal', 'Tingkat G', 50, 20, 9, 'February', '2019', '2019-02-20_02-39-2494984350_resit34.JPG.jpeg', 1),
	(128, 'UKM025-5', 'Jabatan Perubatan', 'Makmal Pemeriksaan Klinik', 'Blok Klinikal', 'Tingkat 8', 5, 5, 5, 'February', '2019', '2019-02-20_02-40-3984242885_resit35.JPG.jpeg', 1),
	(129, 'UKM008-2', 'Jabatan Perubatan Kecemasan', 'Dewan Bedah Perubatan Kecemasan', 'Blok Klinikal', 'Tingkat G', 5, 0, 4, 'February', '2019', '2019-02-20_02-42-0637409634_resit36.JPG.jpeg', 1),
	(130, 'UKM025-2', 'Jabatan Perubatan', 'Klinik Pakar Perubatan 2 (Bilik Endokrin)', 'Blok Klinikal', 'Tingkat G', 10, 0, 8, 'February', '2019', '2019-02-20_02-43-2226148880_resit38.JPG.jpeg', 1),
	(131, 'UKM025-1', 'Jabatan Perubatan', 'Klinik Pakar Perubatan 1', 'Blok Klinikal', 'Tingkat G', 10, 0, 5, 'February', '2019', '2019-02-20_02-46-3263581867_resit39.JPG.jpeg', 1),
	(132, 'UKM014-1', 'Poliklinik Warga', 'Wad Warga', 'Blok Klinikal', 'Tingkat 7', 7, 0, 5, 'February', '2019', '2019-02-20_02-47-4648671413_resit40.JPG.jpeg', 1),
	(133, 'UKM026-1', 'Jabatan Surgeri', 'Pusat Jagaan Harian Surgeri', 'Blok Klinikal', 'Tingkat 2', 6, 0, 6, 'February', '2019', '2019-02-20_02-51-3199309815_resit51.JPG.jpeg', 1),
	(134, 'ukm029-3', 'Taska Permata PPUKM', 'Pusat 3', 'Taska Permata PPUKM', '- TIADA -', 6, 0, 1, 'February', '2019', '2019-02-20_02-53-0838206118_resit41.JPG.jpeg', 1),
	(135, 'UKM029-1', 'Taska Permata PPUKM', 'Pusat 1', 'Taska Permata PPUKM', '- TIADA -', 6, 0, 2, 'February', '2019', '2019-02-20_02-55-0390774597_resit42.JPG.jpeg', 1),
	(136, 'UKM020-3', 'Bahagian Governan Dan Pentadbiran KKL', 'Unit Kenderaan, Jabatan Pentadbiran Am', 'Blok Taska Permata PPUKM', '- TIADA -', 4, 0, 6, 'February', '2019', '2019-02-20_02-59-4037272727_resit43.JPG.jpeg', 1),
	(137, 'UKM031-3', 'Jabatan Obstetrik & Ginekologi', 'Klinik Ginekologi & Onkologi', 'Blok Klinikal', 'Tingkat 1', 5, 5, 2, 'February', '2019', '2019-02-20_03-01-1948275938_resit50.JPG.jpeg', 1),
	(138, 'UKM018-1', 'Jabatan Radioterapi & Onkologi', 'Klinik Radioterapi & Onkologi', 'Blok Klinikal', 'Tingkat 1', 10, 0, 4, 'February', '2019', '2019-02-20_03-02-2865392234_resit49.JPG.jpeg', 1),
	(139, 'UKM026-4', 'Jabatan Surgeri', 'Klinik Bedah Mulut Dan Maksilofasial', 'Blok Klinikal', 'Tingkat 1', 5, 0, 8, 'February', '2019', '2019-02-20_03-04-3653783489_resit48.JPG.jpeg', 1),
	(140, 'UKM029-2', 'Taska Permata PPUKM', 'Pusat 2', 'Taska Permata PPUKM', '- TIADA -', 6, 0, 2, 'February', '2019', '2019-02-20_03-06-4525753968_resit46.JPG.jpeg', 1),
	(141, 'UKM026-2', 'Jabatan Surgeri', 'Pantri Pusat Rawatan Kebakaran', 'Blok Klinikal', 'Tingkat 5', 14, 0, 13, 'February', '2019', '2019-02-20_03-07-5671949344_resit45.JPG.jpeg', 1),
	(142, 'UKM031-1', 'Jabatan Obstetrik & Ginekologi', 'Wad 1B @ Wad OB 2', 'Blok Klinikal', 'Tingkat 1', 14, 0, 14, 'February', '2019', '2019-02-20_03-13-0673181890_resit37.JPG.jpeg', 1),
	(145, 'UKM020-1', 'Bahagian Governan dan Pentadbiran KKL', 'Pantri Bahagian Governan Dan Pentadbiran', 'Asrama Jururawat', 'Tingkat 1', 5, 0, 3, 'January', '2019', '2019-02-21_05-35-3797134984_resit53.JPG.jpeg', 1),
	(146, 'UKM005-1', 'Farmasi', 'Farmasi Bekalan Wad (Pantri)', 'Blok Klinikal', 'Tingkat B', 21, 9, 6, 'February', '2019', '2019-02-22_02-01-5584469603_resit54.JPG.jpeg', 1),
	(147, 'UKM001-1', 'Jabatan Perkhidmatan Pemulihan Perubatan', 'Unit Fisioterapi', 'Blok Klinikal', 'Tingkat B', 10, 0, 4, 'January', '2019', '2019-02-22_02-02-5855007417_resit55.JPG.jpeg', 1),
	(148, 'UKM022-1', 'Dewan Bedah Utama', 'Pantri Doktor', 'Blok Klinikal', 'Tingkat 2', 47, 30, 10, 'January', '2019', '2019-02-22_02-04-2984164424_resit56.JPG.jpeg', 1),
	(149, 'UKM018-2', 'Jabatan Radioterapi & Onkologi', 'Wad Onkologi Tengku Ampuan Afzan (MAKNA)', 'Blok Klinikal', 'Tingkat 1', 20, 20, 6, 'January', '2019', '2019-02-22_02-05-5068828367_resit57.JPG.jpeg', 1),
	(150, 'UKM020-3', 'Bahagian Governan Dan Pentadbiran KKL', 'Unit Kenderaan, Jabatan Pentadbiran Am', 'Blok Taska Permata PPUKM', '- TIADA -', 4, 4, 0, 'February', '2019', '2019-02-22_02-06-4450745000_resit58.JPG.jpeg', 1),
	(151, 'UKM020-2', 'Bahagian Governan Dan Pentadbiran KKL', 'Bilik Pemandu Ambulans, Unit Kenderaan', 'Blok Klinikal', 'Tingkat G', 3, 3, 3, 'February', '2019', '2019-02-22_02-08-0038586207_resit59.JPG.jpeg', 1),
	(152, 'UKM008-5', 'Jabatan Perubatan Kecemasan', 'Unit Pra Hospital', 'Blok Klinikal', 'Tingkat G', 5, 5, 9, 'February', '2019', '2019-02-22_02-08-3695214312_resit60.JPG.jpeg', 1);
/*!40000 ALTER TABLE `gallon` ENABLE KEYS */;

-- Dumping structure for table persada.inspection
CREATE TABLE IF NOT EXISTS `inspection` (
  `inspection_id` int(11) NOT NULL AUTO_INCREMENT,
  `driver_name` varchar(255) NOT NULL,
  `no_plat` varchar(255) NOT NULL,
  `date` date NOT NULL,
  `wipers` int(11) NOT NULL,
  `mirrors` int(11) NOT NULL,
  `instrument` int(11) NOT NULL,
  `e_brake` int(11) NOT NULL,
  `brake` int(11) NOT NULL,
  `horn` int(11) NOT NULL,
  `steering` int(11) NOT NULL,
  `engine_oil` int(11) NOT NULL,
  `air_cleaner` int(11) NOT NULL,
  `glass` int(11) NOT NULL,
  `aircond` int(11) NOT NULL,
  `general_engine` int(11) NOT NULL,
  `cooling` int(11) NOT NULL,
  `leakage` int(11) NOT NULL,
  `tires` int(11) NOT NULL,
  `belts` int(11) NOT NULL,
  `starter` int(11) NOT NULL,
  `alt_output` int(11) NOT NULL,
  `fuel` int(11) NOT NULL,
  `suspension` int(11) NOT NULL,
  `transmission` int(11) NOT NULL,
  `brake_lights` int(11) NOT NULL,
  `signals` int(11) NOT NULL,
  `headlights` int(11) NOT NULL,
  `battery` int(11) NOT NULL,
  `exhaust` int(11) NOT NULL,
  `reflectors` int(11) NOT NULL,
  `scratches` int(11) NOT NULL,
  `others` int(11) NOT NULL,
  PRIMARY KEY (`inspection_id`)
) ENGINE=InnoDB AUTO_INCREMENT=6 DEFAULT CHARSET=latin1;

-- Dumping data for table persada.inspection: ~3 rows (approximately)
/*!40000 ALTER TABLE `inspection` DISABLE KEYS */;
INSERT INTO `inspection` (`inspection_id`, `driver_name`, `no_plat`, `date`, `wipers`, `mirrors`, `instrument`, `e_brake`, `brake`, `horn`, `steering`, `engine_oil`, `air_cleaner`, `glass`, `aircond`, `general_engine`, `cooling`, `leakage`, `tires`, `belts`, `starter`, `alt_output`, `fuel`, `suspension`, `transmission`, `brake_lights`, `signals`, `headlights`, `battery`, `exhaust`, `reflectors`, `scratches`, `others`) VALUES
	(2, 'Kamal', 'WA 4669 G', '2018-12-20', 5, 5, 5, 5, 5, 5, 5, 5, 5, 5, 5, 5, 5, 5, 5, 5, 5, 5, 5, 5, 5, 5, 0, 5, 5, 5, 5, 5, 5),
	(3, 'Kamal', 'VBP 3276', '2018-12-21', 5, 5, 2, 2, 1, 2, 5, 3, 4, 2, 2, 2, 3, 2, 2, 3, 2, 3, 3, 2, 3, 2, 0, 1, 4, 3, 3, 2, 2),
	(4, 'Ehsan', 'WA 4669 G', '2018-12-30', 5, 5, 0, 5, 5, 5, 5, 5, 5, 5, 5, 5, 5, 5, 5, 5, 5, 0, 5, 5, 5, 5, 0, 5, 5, 5, 5, 4, 0),
	(5, 'khairul', 'VBP 3276', '2018-12-30', 5, 5, 5, 5, 5, 5, 5, 5, 5, 5, 5, 5, 5, 5, 5, 5, 5, 0, 5, 0, 5, 5, 0, 5, 5, 5, 5, 5, 5);
/*!40000 ALTER TABLE `inspection` ENABLE KEYS */;

-- Dumping structure for table persada.jabatan
CREATE TABLE IF NOT EXISTS `jabatan` (
  `jabatan_id` int(100) NOT NULL AUTO_INCREMENT,
  `customer_id` varchar(100) NOT NULL,
  `jabatan` varchar(100) NOT NULL,
  `unit` varchar(100) NOT NULL,
  `blok` varchar(100) NOT NULL,
  `tingkat` varchar(100) NOT NULL,
  `peruntukan_bulanan` int(11) NOT NULL,
  PRIMARY KEY (`jabatan_id`)
) ENGINE=InnoDB AUTO_INCREMENT=93 DEFAULT CHARSET=latin1;

-- Dumping data for table persada.jabatan: ~92 rows (approximately)
/*!40000 ALTER TABLE `jabatan` DISABLE KEYS */;
INSERT INTO `jabatan` (`jabatan_id`, `customer_id`, `jabatan`, `unit`, `blok`, `tingkat`, `peruntukan_bulanan`) VALUES
	(1, 'UKM001-1', 'Jabatan Perkhidmatan Pemulihan Perubatan', '1', '1', '1', 10),
	(2, 'UKM001-2', 'Jabatan Perkhidmatan Pemulihan Perubatan', '2', '1', '1', 5),
	(3, 'UKM001-3', 'Jabatan Perkhidmatan Pemulihan Perubatan', '3', '1', '1', 5),
	(4, 'UKM001-4', 'Jabatan Perkhidmatan Pemulihan Perubatan', '4', '1', '1', 5),
	(5, 'UKM001-5', 'Jabatan Perkhidmatan Pemulihan Perubatan', '5', '1', '1', 5),
	(6, 'UKM002-1', 'Jabatan Perkhidmatan Makmal Diagnostik', '6', '1', '1', 16),
	(7, 'UKM002-2', 'Jabatan Perkhidmatan Makmal Diagnostik', '7', '1', '2', 6),
	(8, 'UKM002-3', 'Jabatan Perkhidmatan Makmal Diagnostik', '8', '1', '2', 6),
	(9, 'UKM003-1', 'Jabatan Keselamatan KKL', '9', '1', '1', 60),
	(10, 'UKM004-1', 'Jabatan Maklumat Kesihatan', '10', '1', '1', 20),
	(11, 'UKM005-2', 'Farmasi', '12', '1', '1', 21),
	(12, 'UKM005-1', 'Farmasi', '11', '1', '1', 21),
	(13, 'UKM005-3', 'Farmasi', '13', '1', '2', 50),
	(14, 'UKM005-4', 'Farmasi', '14', '1', '2', 21),
	(15, 'UKM005-5', 'Farmasi', '15', '4', '18', 21),
	(16, 'UKM006-1', 'Jabatan Radiologi', '16', '1', '2', 26),
	(17, 'UKM006-2', 'Jabatan Radiologi', '17', '1', '2', 20),
	(18, 'UKM006-3', 'Jabatan Radiologi', '18', '1', '2', 20),
	(19, 'UKM007-1', 'Jabatan Pengimejan Molekul Perubatan Nuklear', '19', '1', '2', 8),
	(20, 'UKM008-1', 'Jabatan Perubatan Kecemasan', '20', '1', '2', 30),
	(21, 'UKM008-4', 'Jabatan Perubatan Kecemasan', '23', '1', '2', 40),
	(22, 'UKM008-3', 'Jabatan Perubatan Kecemasan', '22', '1', '2', 15),
	(23, 'UKM008-2', 'Jabatan Perubatan Kecemasan', '21', '1', '2', 5),
	(24, 'UKM008-5', 'Jabatan Perubatan Kecemasan', '24', '1', '2', 5),
	(25, 'UKM009-1', 'Jabatan Multimedia Dan Penyiaran', '25', '2', '13', 4),
	(26, 'UKM010-1', 'Pusat Endoskopi', '26', '1', '3', 25),
	(27, 'UKM012-1', 'Jabatan Pengurusan Korporat', '28', '2', '14', 10),
	(28, 'UKM013-1', 'Bahagian Sumber Manusia KKL', '28', '2', '14', 13),
	(29, 'UKM013-2', 'Bahagian Sumber Manusia KKL', '29', '2', '14', 5),
	(30, 'UKM014-1', 'Poliklinik Warga', '31', '1', '9', 7),
	(31, 'UKM015-1', 'Pejabat Pengarah', '32', '2', '14', 11),
	(32, 'UKM015-2', 'Pejabat Pengarah', '33', '1', '6', 10),
	(33, 'UKM016-1', 'Jabatan Bendahari KKL', '34', '2', '14', 7),
	(34, 'UKM016-2', 'Jabatan Bendahari KKL', '35', '2', '14', 15),
	(35, 'UKM016-3', 'Jabatan Bendahari KKL', '36', '2', '14', 20),
	(36, 'UKM016-4', 'Jabatan Bendahari KKL', '37', '2', '14', 5),
	(37, 'UKM016-5', 'Jabatan Bendahari KKL', '38', '6', '21', 5),
	(38, 'UKM016-6', 'Jabatan Bendahari KKL', '39', '1', '9', 10),
	(39, 'UKM017-1', 'Jabatan Teknologi Maklumat KKL', '40', '2', '15', 37),
	(40, 'UKM018-1', 'Jabatan Radioterapi & Onkologi', '41', '1', '3', 10),
	(41, 'UKM018-2', 'Jabatan Radioterapi & Onkologi', '42', '1', '3', 20),
	(42, 'UKM018-3', 'Jabatan Radioterapi & Onkologi', '43', '1', '3', 8),
	(43, 'UKM019-1', 'Jabatan Khidmat Pelanggan', '44', '1', '2', 2),
	(44, 'UKM019-2', 'Jabatan Khidmat Pelanggan', '45', '1', '5', 5),
	(45, 'UKM019-3', 'Jabatan Khidmat Pelanggan', '46', '1', '3', 2),
	(46, 'UKM019-4', 'Jabatan Khidmat Pelanggan', '47', '1', '2', 3),
	(47, 'UKM020-2', 'Bahagian Governan Dan Pentadbiran KKL', '49', '1', '2', 3),
	(48, 'UKM020-3', 'Bahagian Governan Dan Pentadbiran KKL', '50', '3', '17', 4),
	(49, 'UKM020-1', 'Bahagian Governan Dan Pentadbiran KKL', '48', '6', '20', 8),
	(50, 'UKM021-1', 'Jabatan Anestesiologi', '51', '1', '4', 5),
	(51, 'UKM021-2', 'Jabatan Anestesiologi', '52', '1', '4', 5),
	(52, 'UKM022-1', 'Dewan Bedah Utama', '53', '1', '4', 47),
	(53, 'UKM023-1', 'Unit Rawatan Rapi', '54', '1', '4', 40),
	(54, 'UKM024-1', 'Jabatan Kerja Sosial Perubatan', '55', '1', '5', 44),
	(55, 'UKM025-1', 'Jabatan Perubatan', '56', '1', '2', 10),
	(56, 'UKM025-2', 'Jabatan Perubatan', '57', '1', '2', 10),
	(57, 'UKM025-3', 'Jabatan Perubatan', '58', '1', '2', 23),
	(58, 'UKM025-4', 'Jabatan Perubatan', '59', '1', '2', 5),
	(59, 'UKM025-5', 'Jabatan Perubatan', '60', '1', '10', 5),
	(60, 'UKM025-6', 'Jabatan Perubatan', '61', '1', '8', 5),
	(61, 'UKM025-7', 'Jabatan Perubatan', '62', '1', '7', 24),
	(62, 'UKM025-8', 'Jabatan Perubatan', '63', '7', '22', 5),
	(63, 'UKM026-1', 'Jabatan Surgeri', '64', '1', '4', 6),
	(64, 'UKM026-2', 'Jabatan Surgeri', '65', '1', '7', 14),
	(65, 'UKM026-3', 'Jabatan Surgeri', '66', '1', '10', 12),
	(66, 'UKM026-4', 'Jabatan Surgeri', '67', '1', '3', 5),
	(67, 'UKM028-1', 'Jabatan Ortopedik', '68', '1', '6', 40),
	(68, 'UKM028-2', 'Jabatan Ortopedik', '69', '1', '2', 10),
	(69, 'UKM028-3', 'Jabatan Ortopedik', '70', '1', '11', 10),
	(70, 'UKM029-1', 'Taska Permata PPUKM', '71', '8', '23', 6),
	(71, 'UKM029-2', 'Taska Permata PPUKM', '72', '8', '23', 6),
	(72, 'UKM029-3', 'Taska Permata PPUKM', '73', '8', '23', 6),
	(73, 'UKM030-1', 'Jabatan Perubatan Keluarga', '74', '5', '19', 12),
	(74, 'UKM030-2', 'Jabatan Perubatan Keluarga', '15', '4', '18', 20),
	(75, 'UKM030-3', 'Jabatan Perubatan Keluarga', '76', '4', '18', 10),
	(76, 'UKM031-1', 'Jabatan Obstetrik & Ginekologi', '77', '1', '3', 14),
	(77, 'UKM031-2', 'Jabatan Obstetrik & Ginekologi', '78', '1', '4', 20),
	(78, 'UKM031-3', 'Jabatan Obstetrik & Ginekologi', '79', '1', '3', 5),
	(79, 'UKM032-1', 'Unit Kawalan Infeksi', '80', '2', '16', 6),
	(80, 'UKM033-1', 'Pusat Kejuruteraan Tisu', '81', '1', '12', 10),
	(81, 'UKM034-1', 'Jabatan Kejururawatan', '82', '1', '7', 15),
	(82, 'UKM035-1', 'Jabatan Otorinolaringologi', '83', '1', '11', 10),
	(83, 'UKM035-2', 'Jabatan Otorinolaringologi', '84', '1', '3', 10),
	(84, 'UKM035-3', 'Jabatan Otorinolaringologi', '85', '1', '7', 24),
	(85, 'UKM036-1', 'Jabatan Psikiatri', '86', '1', '3', 4),
	(86, 'UKM036-2', 'Jabatan Psikiatri', '87', '1', '3', 4),
	(87, 'UKM036-3', 'Jabatan Psikiatri', '88', '1', '3', 4),
	(88, 'UKM036-4', 'Jabatan Psikiatri', '89', '1', '3', 4),
	(89, 'UKM036-5', 'Jabatan Psikiatri', '90', '1', '3', 4),
	(90, 'UKM037-1', 'Unit Perundangan', '91', '2', '14', 8),
	(91, 'UKM011-1', 'Jabatan Dietetik & Sajian Makanan', '27', '1', '3', 5),
	(92, 'UKM027-1', 'Bahagian Governan dan Pentadbiran KKL', '92', '1', '5', 8);
/*!40000 ALTER TABLE `jabatan` ENABLE KEYS */;

-- Dumping structure for table persada.jenama
CREATE TABLE IF NOT EXISTS `jenama` (
  `jenama_id` int(11) NOT NULL AUTO_INCREMENT,
  `jenama` varchar(100) NOT NULL,
  PRIMARY KEY (`jenama_id`)
) ENGINE=InnoDB AUTO_INCREMENT=11 DEFAULT CHARSET=latin1;

-- Dumping data for table persada.jenama: ~10 rows (approximately)
/*!40000 ALTER TABLE `jenama` DISABLE KEYS */;
INSERT INTO `jenama` (`jenama_id`, `jenama`) VALUES
	(1, 'Springfresh'),
	(2, 'Cactus'),
	(3, 'Spritzer'),
	(4, 'Summer'),
	(5, 'Desa'),
	(6, 'WS 1969'),
	(7, 'Furqan'),
	(8, 'UiTM'),
	(9, 'UIA'),
	(10, 'Wanda');
/*!40000 ALTER TABLE `jenama` ENABLE KEYS */;

-- Dumping structure for table persada.jenis
CREATE TABLE IF NOT EXISTS `jenis` (
  `jenis_id` int(11) NOT NULL AUTO_INCREMENT,
  `jenis` varchar(100) NOT NULL,
  `jenama` int(11) NOT NULL,
  PRIMARY KEY (`jenis_id`)
) ENGINE=InnoDB AUTO_INCREMENT=33 DEFAULT CHARSET=latin1;

-- Dumping data for table persada.jenis: ~9 rows (approximately)
/*!40000 ALTER TABLE `jenis` DISABLE KEYS */;
INSERT INTO `jenis` (`jenis_id`, `jenis`, `jenama`) VALUES
	(1, '380ml', 1),
	(2, '600ml', 1),
	(3, '1.5L', 1),
	(4, '6L', 1),
	(5, '9.5L', 1),
	(6, '230ml', 2),
	(7, '300ml', 2),
	(8, '500ml', 2),
	(9, '1.5L', 2),
	(10, '5.5L', 2),
	(11, '9.5L', 2),
	(12, '230ml', 3),
	(13, '600ml', 3),
	(14, '1.5L', 3),
	(15, '6L', 3),
	(16, '9.5L', 3),
	(17, '230ml', 4),
	(18, '500ml', 4),
	(19, '1.5L', 4),
	(20, '5.5L', 4),
	(21, '9.5L', 4),
	(22, '500ml', 5),
	(23, '1.5L', 5),
	(24, '5.5L', 5),
	(25, '9.5L', 5),
	(26, '500ml', 6),
	(27, '1.5L', 6),
	(28, '500ml', 7),
	(29, '600ml', 8),
	(30, '500ml', 9),
	(31, '600ml', 10),
	(32, '1.5L', 10);
/*!40000 ALTER TABLE `jenis` ENABLE KEYS */;

-- Dumping structure for table persada.kad_petrol
CREATE TABLE IF NOT EXISTS `kad_petrol` (
  `kad_id` int(11) NOT NULL AUTO_INCREMENT,
  `no_siri` varchar(255) NOT NULL,
  PRIMARY KEY (`kad_id`)
) ENGINE=InnoDB AUTO_INCREMENT=8 DEFAULT CHARSET=latin1;

-- Dumping data for table persada.kad_petrol: ~7 rows (approximately)
/*!40000 ALTER TABLE `kad_petrol` DISABLE KEYS */;
INSERT INTO `kad_petrol` (`kad_id`, `no_siri`) VALUES
	(1, '11820'),
	(2, '10798'),
	(3, '11838'),
	(4, '11093'),
	(5, '11945'),
	(6, '13248'),
	(7, '13230');
/*!40000 ALTER TABLE `kad_petrol` ENABLE KEYS */;

-- Dumping structure for table persada.kenderaan
CREATE TABLE IF NOT EXISTS `kenderaan` (
  `kenderaan_id` int(11) NOT NULL AUTO_INCREMENT,
  `kenderaan` varchar(255) NOT NULL,
  `nombor_id_kenderaan` varchar(255) NOT NULL,
  `no_plat` varchar(255) NOT NULL,
  `saiz_tayar` varchar(255) NOT NULL,
  `tahun` date NOT NULL,
  PRIMARY KEY (`kenderaan_id`)
) ENGINE=InnoDB AUTO_INCREMENT=7 DEFAULT CHARSET=latin1;

-- Dumping data for table persada.kenderaan: ~6 rows (approximately)
/*!40000 ALTER TABLE `kenderaan` DISABLE KEYS */;
INSERT INTO `kenderaan` (`kenderaan_id`, `kenderaan`, `nombor_id_kenderaan`, `no_plat`, `saiz_tayar`, `tahun`) VALUES
	(1, 'Lorry', 'D4BBD044087', 'WA 4669 G', 'SILVERSTONE 7.00-15C', '2014-07-09'),
	(2, 'Lorry', '4HL1575632', 'VAC 7636', 'MICHELIN 215/75 R17.5', '2017-05-12'),
	(3, 'Lorry', 'N04CUY14567', 'VBP 3276', 'SILVERSTONE R16', '2018-05-17'),
	(4, 'Van', 'HR16383974C', 'W 7580 R', 'BRIDGESTONE 185 R14', '2014-02-28'),
	(5, 'Van', '2KDU815626', 'WC 7520 J', 'DELIUM 195R 15C', '2015-12-30'),
	(6, 'Van', '2KDU697183', 'WB 679 K', 'DELIUM 195R 15C', '2015-04-02');
/*!40000 ALTER TABLE `kenderaan` ENABLE KEYS */;

-- Dumping structure for table persada.komen_ppukm
CREATE TABLE IF NOT EXISTS `komen_ppukm` (
  `komen_id` int(100) NOT NULL AUTO_INCREMENT,
  `komen` text NOT NULL,
  PRIMARY KEY (`komen_id`)
) ENGINE=InnoDB DEFAULT CHARSET=latin1;

-- Dumping data for table persada.komen_ppukm: ~0 rows (approximately)
/*!40000 ALTER TABLE `komen_ppukm` DISABLE KEYS */;
/*!40000 ALTER TABLE `komen_ppukm` ENABLE KEYS */;

-- Dumping structure for table persada.lokasi
CREATE TABLE IF NOT EXISTS `lokasi` (
  `lokasi_id` int(11) NOT NULL AUTO_INCREMENT,
  `lokasi` varchar(255) NOT NULL,
  `tarikh` date NOT NULL,
  PRIMARY KEY (`lokasi_id`)
) ENGINE=InnoDB AUTO_INCREMENT=13 DEFAULT CHARSET=latin1;

-- Dumping data for table persada.lokasi: ~12 rows (approximately)
/*!40000 ALTER TABLE `lokasi` DISABLE KEYS */;
INSERT INTO `lokasi` (`lokasi_id`, `lokasi`, `tarikh`) VALUES
	(1, 'Universiti Putra Malaysia (UPM)', '2018-12-12'),
	(2, 'Universiti Sains Islam Malaysia (USIM)', '2018-12-12'),
	(3, 'Universiti Teknologi MARA (UiTM) - Dengkil', '2018-12-12'),
	(4, 'Universiti Teknologi MARA (UiTM) - Seremban', '2018-12-12'),
	(5, 'Universiti Teknologi MARA (UiTM) - Shah Alam', '2018-12-12'),
	(6, 'Universiti Teknologi MARA (UiTM) - Puncak Perdana', '2018-12-12'),
	(7, 'Universiti Teknologi MARA (UiTM) - Puncak Alam', '2018-12-12'),
	(8, 'German - Malaysian Institute (GMI)', '2018-12-12'),
	(9, 'British - Malaysian Institute (BMI)', '2018-12-12'),
	(10, 'Universiti Islam Antarabangsa Malaysia (UIAM)', '2018-12-12'),
	(11, 'International Islamic College (IIC)', '2018-12-12'),
	(12, 'Universiti Selangor (UniSEL)', '2018-12-12');
/*!40000 ALTER TABLE `lokasi` ENABLE KEYS */;

-- Dumping structure for table persada.maintenance
CREATE TABLE IF NOT EXISTS `maintenance` (
  `maintenance_id` int(11) NOT NULL AUTO_INCREMENT,
  `no_plat` varchar(255) NOT NULL,
  `tarikh` date NOT NULL,
  `servis` varchar(255) NOT NULL,
  `mileage` int(11) NOT NULL,
  `next_mileage` int(11) NOT NULL,
  PRIMARY KEY (`maintenance_id`)
) ENGINE=InnoDB AUTO_INCREMENT=3 DEFAULT CHARSET=latin1;

-- Dumping data for table persada.maintenance: ~2 rows (approximately)
/*!40000 ALTER TABLE `maintenance` DISABLE KEYS */;
INSERT INTO `maintenance` (`maintenance_id`, `no_plat`, `tarikh`, `servis`, `mileage`, `next_mileage`) VALUES
	(1, 'VBP 3276', '2018-09-03', 'Tukar Minyak Hitam, Service Air Cleaner', 7567, 14567),
	(2, 'VBP 3276', '2018-09-03', 'Tukar Minyak Hitam, Adjust Hand Brake', 14204, 21204);
/*!40000 ALTER TABLE `maintenance` ENABLE KEYS */;

-- Dumping structure for table persada.online
CREATE TABLE IF NOT EXISTS `online` (
  `online_id` int(11) NOT NULL AUTO_INCREMENT,
  `username` varchar(100) NOT NULL,
  `do_number` varchar(100) NOT NULL,
  `customer_id` varchar(100) NOT NULL,
  `tarikh` date NOT NULL,
  `nama_pelanggan` varchar(255) NOT NULL,
  `alamat` text NOT NULL,
  `jenama` varchar(100) NOT NULL,
  `jenis` varchar(100) NOT NULL,
  `kuantiti` int(11) NOT NULL,
  `jenama_2` varchar(100) NOT NULL,
  `jenis_2` varchar(100) NOT NULL,
  `kuantiti_2` int(11) NOT NULL,
  `jenama_3` varchar(100) NOT NULL,
  `jenis_3` varchar(100) NOT NULL,
  `kuantiti_3` int(11) NOT NULL,
  `platform` varchar(100) NOT NULL,
  `active` int(11) NOT NULL,
  `status` int(11) NOT NULL,
  PRIMARY KEY (`online_id`)
) ENGINE=InnoDB AUTO_INCREMENT=107 DEFAULT CHARSET=latin1;

-- Dumping data for table persada.online: ~95 rows (approximately)
/*!40000 ALTER TABLE `online` DISABLE KEYS */;
INSERT INTO `online` (`online_id`, `username`, `do_number`, `customer_id`, `tarikh`, `nama_pelanggan`, `alamat`, `jenama`, `jenis`, `kuantiti`, `jenama_2`, `jenis_2`, `kuantiti_2`, `jenama_3`, `jenis_3`, `kuantiti_3`, `platform`, `active`, `status`) VALUES
	(1, 'Kamal', 'DO000001', 'E040', '2018-10-30', 'Mr Mamoun Suleiman', 'Abeer Al Ghada Sdn Bhd, C-3-7 Megan Avenue 1, Jalan Tun Razak, 50400 Kuala Lumpur', '5', '6', 10, '', '', 0, '', '', 0, 'Lazada', 1, 1),
	(2, 'Kamal', 'DO000001', 'E036', '2018-10-26', 'Michelle Soh', 'A-19-1, Twins Damansara Heights, Jalan Damanlela, Pusat Bandar Damansara, Kuala Lumpur', '4', '6', 20, '', '', 0, '', '', 0, 'Lazada', 1, 1),
	(3, 'Kamal', 'DO000002', 'E036', '2018-11-01', 'Michelle Soh', 'Wisma FGA, Jalan Kuchai Lama, Taman Goodwood, 58200 Kuala Lumpur', '4', '6', 29, '', '', 0, '', '', 0, 'Lazada', 1, 1),
	(4, 'Kamal', 'DO000001', 'E048', '2018-11-12', 'Mr Laksa', 'SB Mall, Lot LGK 57 & 58, LG Floor, Bandar Baru Sungai Buloh Seksyen U20, 41060 Shah Alam, Selangor ', '5', '4', 20, '', '', 0, '', '', 0, 'Lazada', 1, 1),
	(5, 'Kamal', 'DO000001', 'E065', '2018-11-26', 'Ar Raudhah Optometry', 'No 19A, Jalan Suarasa 8/5', '2', '1', 5, '', '', 0, '', '', 0, 'Lazada', 1, 1),
	(6, 'Kamal', 'DO000001', 'E049', '2018-11-12', 'Asyaari Yunus', 'Klinik Pergigian Dr Feeliz', '2', '1', 100, '', '', 0, '', '', 0, 'Lazada', 1, 1),
	(7, 'Kamal', 'DO000001', 'E063', '2018-11-26', 'Habibah Roslee', 'Lisman Forklifts Asia Sdn Bhd, Lot 33551, Jalan KB 2/15, Kawasan Perindustrian Kg Baru Balakong, 43300 Balakong, Selangor', '2', '1', 50, '', '', 0, '', '', 0, 'Lazada', 1, 1),
	(8, 'Kamal', 'DO000001', 'E066', '2018-11-29', 'Eggs Plus Holding Sdn Bhd', 'No 53A-G& 53A-1, Jalan LJ3, Taman Perindustrian Lembah Jaya, 68000 Ampang, Selangor', '3', '5', 20, '', '', 0, '', '', 0, 'Lazada', 1, 1),
	(9, 'Kamal', 'DO000001', 'E068', '2018-11-29', 'Norafidah Abu Zarin', 'Open University Malaysia (Caw. Sri Rampai), No. 1 Jalan Seri Rejang, Rampai Business Park South, 53300 Setapak, Kuala Lumpur', '2', '3', 10, '', '', 0, '', '', 0, 'Lazada', 1, 1),
	(10, 'Kamal', 'DO000001', 'E067', '2018-12-03', 'Loi Jack', 'Golf Smart, No. G-G-10, Jalan PJU 1A/3, Kota Damansara, 47301 Petaling Jaya, Selangor', '2', '1', 5, '', '', 0, '', '', 0, 'Lazada', 1, 1),
	(12, 'Kamal', 'DO000001', 'E033', '2018-10-21', 'Yazan Haddad', 'C-21-11, Domain 5 @ Neocyber, Lingkaran Cyber Point Barat, Cyberjaya, 63000 Selangor', '5', '6', 50, '', '', 0, '', '', 0, 'Shopee', 0, 1),
	(13, 'Kamal', 'DO000001', 'E041', '2018-11-03', 'Mohd Iqbal Bin Abdul Kadir', 'Balai Budaya Tun Syed Nasir, City Centre, 50460 Kuala Lumpur', '2', '3', 20, '', '', 0, '', '', 0, 'Shopee', 0, 1),
	(14, 'Kamal', 'DO000001', 'E042', '2018-11-03', 'Zulhilmi Esham Bin Abdullah', 'Level 3-9, Villa Makmur Condo, Jalan Dutamas Raya, 51200 Segambut, Kuala Lumpur', '4', '6', 5, '', '', 0, '', '', 0, 'Shopee', 0, 1),
	(15, 'Kamal', 'DO000001', 'E045', '2018-11-05', 'J&K Maju Jaya', 'No. 6, Jalan Gapi, 1A/1, Seksyen 1C, Antara Gapi, 48200 Serendah, Selangor', '4', '7', 10, '', '', 0, '', '', 0, 'Shopee', 0, 1),
	(16, 'Kamal', 'DO000001', 'E046', '2018-11-06', 'Mohamad Fardzli', '48, Jalan P9 B1/14, Prresint 9, 62250 Putrajaya`', '5', '4', 10, '', '', 0, '', '', 0, 'Shopee', 1, 1),
	(17, 'Kamal', 'DO000001', 'E031', '2018-11-09', 'Farah Asyiqin Nasurdin', 'Petronas Tower 3, Kuala Lumpur City Centre, 50088 Kuala Lumpur', '2', '1', 5, '', '', 0, '', '', 0, 'Shopee', 1, 1),
	(18, 'Kamal', 'DO000001', 'E053', '2018-11-15', 'En Ameer Hazwan Abdul Ghani', 'Level 20, MMC Oil & Gas Engineering Sdn Bhd, Menara Tokio Marine Life, 189 Jalan Tun Razak, KLCC, 50400 Kuala Lumpur', '3', '6', 10, '', '', 0, '', '', 0, 'Shopee', 1, 1),
	(19, 'Kamal', 'DO000001', 'E053', '2018-11-15', 'Justina Matius', 'Klinik Kesihatan Batu 14, Hulu Langat, 43100 Selangor', '2', '3', 10, '', '', 0, '', '', 0, 'Shopee', 1, 1),
	(20, 'Kamal', 'DO000001', 'E050', '2018-11-19', 'Nur Sasha Adlina Binti Shahrani', 'Kolej Kediaman Raja Dr. Nazrin Shah (KK12), Universiti Malaya, Lingkungan Budi, 50603 Kuala Lumpur', '4', '4', 10, '', '', 0, '', '', 0, 'Shopee', 1, 1),
	(21, 'Kamal', 'DO000001', 'E071', '2018-12-03', 'Angeline Foo', 'Unit B-03-07, CoPlace 2, Jalan Usahawan 1, Cyberjaya 63000, Selangor', '4', '1', 20, '', '', 0, '', '', 0, 'Lazada', 1, 1),
	(22, 'Kamal', 'DO000001', 'E074', '2018-12-05', 'Chong Yeong Yann', 'Auto Mobile Garage Lot 7, Jalan 13/6, Petaling Jaya 46200, Selangor', '2', '3', 10, '', '', 0, '', '', 0, 'Lazada', 0, 1),
	(23, 'Kamal', 'DO000001', 'E075', '2018-12-05', 'Fike Asia Pacific Sdn Bhd ATTN Soong', 'No. 3, Jalan Para U8/103, Metropolitan Business Park, Section U8, 40150 Bukit Jelutong, Shah Alam, Selangor', '2', '3', 5, '', '', 0, '', '', 0, 'Lazada', 0, 1),
	(24, 'Kamal', 'DO000001', 'E079', '2018-12-07', 'Md Noh Bin Johari', 'Bank Islam Malaysia Berhad, Tingkat Bawah, Wisma PKPS, Seksyen 14, Persiaran Perbandaran, 40675 Shah Alam, Selangor', '2', '1', 10, '', '', 0, '', '', 0, 'Lazada', 0, 1),
	(25, 'Kamal', 'DO000001', 'E080', '2018-12-10', 'Md Nazir Bin Yahaya', 'Institut Kemahiran MARA Kuala Lumpur, Jalan Belangkas, Kampung Pandan, 50100 Kuala Lumpur', '5', '6', 20, 'Desa', '0.5L', 20, '', '', 0, 'Lazada', 0, 1),
	(26, 'Kamal', 'DO000001', 'E082', '2018-12-11', 'Mohd Nazuan Hakim Bin Masrul', 'No. 1, Jalan Boling Padang G13G, Seksyen 13, Shah Alam, Selangor', '5', '4', 20, '', '', 0, '', '', 0, 'Lazada', 0, 1),
	(27, 'Kamal', 'DO000001', 'E83', '2018-12-11', 'Encik Rizal', 'UiTM Dengkil', '5', '4', 60, 'Desa', '1.5L', 40, '', '', 0, 'Lazada', 0, 1),
	(28, 'Kamal', 'DO000001', 'E086', '2018-12-12', 'Nur Shafinaz Bt Md Hanafiah', 'Lot 241, Jln Bestari 7, Kg Sri Aman, Batu 13, 47150 Puchong, Selangor', '3', '1', 20, '', '', 0, '', '', 0, 'Lazada', 0, 1),
	(29, 'Kamal', 'DO000001', 'E086', '2018-12-17', 'Nur Shafinaz Bt Md Hanafiah', 'Lot 241, Jln Bestari 7, Kg Sri Aman, Batu 13, 47150 Puchong, Selangor', '2', '1', 20, '', '', 0, '', '', 0, 'Lazada', 0, 1),
	(30, 'Kamal', 'DO000001', 'E87', '2018-12-13', 'Nyree Resources', '24-11, Level 24 G Tower, Jalan Tun Razak, Kuala Lumpur, Malaysia', '3', '1', 5, '', '', 0, '', '', 0, 'Lazada', 0, 1),
	(31, 'Kamal', 'DO000001', 'E093', '2018-12-14', 'Shireen Elina Simon', 'LC-113, Blok 4 Tingkat 1, Rumah Pangsa Sri Murni, Jalan Bumi 8, Seksyen U5/137, 40150 Shah Alam, Selangor', '4', '6', 10, '', '', 0, '', '', 0, 'Lazada', 0, 1),
	(32, 'Kamal', 'DO000001', 'E100', '2018-12-21', 'Nurfahkis Anuar', 'JKKP, Aras 1,3,4 & 5, Blok D4, Kompleks D, Pusat Pentadbiran Kerajaan Persekutuan, WP Putrajaya, Putrajaya', '5', '4', 20, '', '', 0, '', '', 0, 'Lazada', 0, 1),
	(33, 'Kamal', 'DO000001', 'E101', '2018-12-26', 'Mohd Khairul Ghazali', 'C-3A-3, Vista Tasik Condominium, Jalan Sri Permaisuri, Bandar Sri Permaisuri, WP Kuala Lumpur', '4', '6', 5, '', '', 0, '', '', 0, 'Lazada', 0, 1),
	(34, 'Kamal', 'IN000002', 'E048', '2019-01-02', 'Mr Laksa', 'SB Mall, Lot LGK 57 & 58, LG Floor, Bandar Baru Sungai Buloh, Seksyen U20', '5', '4', 20, '', '', 0, '', '', 0, 'Lazada', 0, 1),
	(35, 'Kamal', 'DO000001', 'E105', '2018-12-27', 'Datin Kalsom Bt Amat', '21, Jalan Permata 7/1, Seksyen 7, Shah Alam, Selangor', '2', '4', 5, '', '', 0, '', '', 0, 'Lazada', 0, 1),
	(36, 'Kamal', 'DO000001', 'E107', '2019-01-02', 'Afifah Akilah', '18, Jalan Mulia 1/1, Taman Bukit Mulia, Bukit Antarabangsa, Hulu Kelang, 68000 Ampang, Selangor', '2', '1', 20, '', '', 0, '', '', 0, 'Lazada', 0, 1),
	(37, 'Kamal', 'DO000001', 'E114', '2019-01-04', 'Puteri Nadirah Bt Abd Jalil', 'B1-B06, Armanee Terrace Condominium, No. 8, Jalan PJU 8/1, Damansara Perdana, 47820 Petaling Jaya, Selangor', '3', '6', 10, 'Spritzer', '0.6L', 5, '', '', 0, 'Lazada', 0, 1),
	(38, 'Kamal', 'DO000001', 'E118', '2019-01-07', 'Malaysia Glass Association', 'No. 28-2, Jalan Sulaiman Satu, Taman Ampang Hilir, Ampang, Selangor', '3', '1', 20, '', '', 0, '', '', 0, 'Lazada', 0, 1),
	(39, 'Kamal', 'DO000001', 'E122', '2019-01-07', 'Ms Lai', '4A, Tingkat Mez, Jalan Daya 7, Taman Daya Kepong, 52100 Kuala Lumpur', '2', '1', 5, '', '', 0, '', '', 0, 'Lazada', 0, 1),
	(40, 'Kamal', 'DO000001', 'E124', '2019-01-07', 'Alotibi Saad Azia', 'D.5.6 Platinum Victory (PV8), Jalan Melati Utama, Taman Melati, 53100 Setapak, Kuala Lumpur', '2', '3', 5, '', '', 0, '', '', 0, 'Lazada', 0, 1),
	(41, 'Kamal', 'DO000001', 'E128', '2019-01-08', 'Chea', 'No 20, Jalan Mozart 1C, Symphony Hills, Persiaran Simfoni Cyber 9, Cyberjaya', '3', '9', 10, '', '', 0, '', '', 0, 'Lazada', 0, 1),
	(42, 'Kamal', 'DO000001', 'E125', '2019-01-10', 'Ravi', 'Delstasia Sdn Bhd', '3', '5', 20, 'Spritzer', '0.23L', 20, '', '', 0, 'Lazada', 0, 1),
	(43, 'Kamal', 'DO000001', 'E127', '2019-01-08', 'Mohd Khairi Ariffin', 'SK Putrajaya Presint 16(1), No. 3, Jalan P16G, Presint 16, 62150 Putrajaya', '2', '3', 20, '', '', 0, '', '', 0, 'Lazada', 0, 1),
	(44, 'Kamal', 'DO000001', 'E137', '2019-01-10', 'Kamarul Bahrin Bin Haron', '37B, Jalan Nirwana 36, Taman Nirwana, 68000 Ampang, Selangor', '3', '9', 10, '', '', 0, '', '', 0, 'Lazada', 0, 1),
	(45, 'Kamal', 'DO000001', 'E142', '2019-01-14', 'Lee Khai Sin', '3rd Floor Wisma Dani, No. 1, Jalan Jejaka 4, Taman Maluri, 55100 Kuala Lumpur', '2', '3', 10, '', '', 0, '', '', 0, 'Lazada', 0, 1),
	(46, 'Kamal', 'DO000001', 'E142', '2019-01-14', 'Ahmad Al Gabal', '2-04, Dataran Jelatek, Jalan Jelatek, 54200 Setiawangsa, Kuala Lumpur ', '2', '3', 10, '', '', 0, '', '', 0, 'Lazada', 0, 1),
	(47, 'Kamal', 'DO000001', 'E145', '2019-01-16', 'Wan Salwani Wan Yusoff', 'No. 4, Jalan Baginda, Taman Desa Baginda, Sg Merab, 43500 Kajang, Selangor', '2', '3', 5, '', '', 0, '', '', 0, 'Lazada', 0, 1),
	(48, 'Kamal', 'DO000001', 'E148', '2019-01-17', 'Feets Sdn Bhd', 'No. 4809-1-31, CBD Perdana 2, Cyber 12, 63000 Cyberjaya, Persiaran Flora Selangor', '1', '2', 5, '', '', 0, '', '', 0, 'Lazada', 0, 1),
	(49, 'Kamal', 'DO000001', 'E151', '2019-01-22', 'Nur Hazami Abd Hamid', 'B-15-2 Sri Pandan Condominium, Jalan Pandan Utara, Taman Pandan Mewah, 56100 Kuala Lumpur', '5', '6', 20, '', '', 0, '', '', 0, 'Lazada', 0, 1),
	(50, 'Kamal', 'DO000001', 'E154', '2019-01-23', 'Marwa Abdulaziz', 'Unit No. B603B, Block B Puteri Palma Condo IOI Resort City, Putrajaya, Malaysia', '1', '5', 5, 'Summer', '9.5L', 5, '', '', 0, 'Lazada', 0, 1),
	(51, 'Kamal', 'DO000001', 'E161', '2019-01-24', 'Noor Akmaliah Bt Ahmad Fuzi', 'Menara Prisma No. 26, Jalan Persiaran Perdana, Presint 3, 62570 WP Putrajaya, Putrajaya', '3', '9', 15, '', '', 0, '', '', 0, 'Lazada', 0, 1),
	(52, 'Kamal', 'DO000001', 'E158', '2019-01-24', 'Suhailie Binti Md Basar', 'Level 17, Tower A, Dataran Maybank, No. 1 Jalan Maarof, Bangsar, WP Kuala Lumpur', '3', '6', 5, '', '', 0, '', '', 0, 'Lazada', 0, 1),
	(53, 'Kamal', 'DO000001', 'E164', '2019-01-28', 'Haris Mushtaq', 'B3-23-1, Maisson Residences, Jalan PJU 1A/3, Ara Damansara, 47301 Petaling Jaya, Selangor', '3', '9', 20, '', '', 0, '', '', 0, 'Lazada', 0, 1),
	(54, 'Kamal', 'DO000001', 'E168', '2019-01-28', 'Anara Amirova', 'Embassyview Condosuite 273, Jalan Ampang, 55000 Kuala Lumpur', '2', '6', 5, '', '', 0, '', '', 0, 'Lazada', 0, 1),
	(55, 'Kamal', 'DO000001', 'E169', '2019-01-28', 'Nor Airen Bt Othman', 'Klinik Kesihatan Bandar Seri Putra, Jalan Seri Putra 1/9, Bandar Seri Putra, 43000 Kajang, Selangor', '5', '4', 20, '', '', 0, '', '', 0, 'Lazada', 0, 1),
	(56, 'Kamal', 'DO000001', 'E167', '2019-01-28', 'Muhammad Maulid Bin Mohamad Sapian', 'No 25, Jalan 8, Taman Selayang, 68100 Batu Caves, Selangor', '3', '9', 50, '', '', 0, '', '', 0, 'Lazada', 0, 1),
	(57, 'Kamal', 'DO000001', 'E165', '2019-01-28', 'Nor Farah Fatiha Binti Mohd Sahrom', 'Group Financial Crime Compliance, Level 23, Menara Akademi Etiqa, Jalan Melaka, 50100 WP Kuala Lumpur, Kuala Lumpur', '5', '6', 5, '', '', 0, '', '', 0, 'Lazada', 0, 1),
	(58, 'Kamal', 'DO000002', 'E080', '2019-01-29', 'Md Nazir Bin Yahaya', 'Institut Kemahiran MARA Kuala Lumpur, Jalan Belangkas, Kampung Pandan, 55100 Kuala Lumpur', '5', '4', 20, '', '', 0, '', '', 0, 'Lazada', 0, 1),
	(59, 'Kamal', 'DO000001', 'E175', '2019-01-29', 'Nur Aribah Bt Abdullah', '536, Jalan Jasmin 17, Taman Jasmin, 43000 Kajang, Selangor', '4', '6', 20, '', '', 0, '', '', 0, 'Lazada', 0, 1),
	(60, 'Kamal', 'DO000001', 'E173', '2019-01-29', 'GTEC NDT Supplies Sdn Bhd', 'Lot 36, Ground Floor, Jalan PJS 11/14, Bandar Sunway, 46150 Petaling Jaya, Selangor', '3', '1', 5, '', '', 0, '', '', 0, 'Lazada', 0, 1),
	(61, 'Kamal', 'DO000001', 'E058', '2018-11-20', 'Syamil Yusoff', '32-2F, Jalan Setia Perdana AY U13/AY, Setia Alam, 40170 Shah Alam, Selangor', '4', '1', 50, '', '', 0, '', '', 0, 'Shopee', 0, 1),
	(62, 'Kamal', 'DO000001', 'E057', '2018-11-20', 'Siti Nurshuhadah Binti Hassan', 'Blok D, Residensi Warnasari 2, Jalan Warnasari 13/1, Seksyen 13, Bandar Puncak Alam', '4', '1', 5, '', '', 0, '', '', 0, 'Shopee', 0, 1),
	(63, 'Kamal', 'DO000001', 'E055', '2018-11-16', 'Puan Hasimah', 'Wad NICU, Tingkat 1, Kompleks Kesihatan Wanita Dan Kanak-Kanak, Pusat Perubatan Universiti Malaya, 59100 Kuala Lumpur', '5', '4', 50, '', '', 0, '', '', 0, 'Shopee', 0, 1),
	(64, 'Kamal', 'DO000001', 'E062', '2018-11-26', 'Mr Asher Benjamin', 'Duta Park Residences, Sales Gallery By Malton, Jalan Kuching (before PWTC), Jalan Kuching, 51200 Kuala Lumpur', '2', '3', 20, '', '', 0, '', '', 0, 'Shopee', 0, 1),
	(65, 'Kamal', 'DO000001', 'E070', '2018-12-03', 'Marilyn Gwee / Marcus Yap', 'B1-20-2, Dataran Niaga Sg Besi Midfields Square West, Jalan 11/108C Off Lebuhraya Sg Besi, Sungai Besi, 57100 Kuala Lumpur', '2', '3', 20, '', '', 0, '', '', 0, 'Shopee', 0, 1),
	(66, 'Kamal', 'DO000001', 'E069', '2018-12-03', 'Dr Mohd Hannan Yusof', 'Hannan Medispa HQ New, 12-2 Jalan Medan Putra 4, Medan Putra Business Centre, 52200 Kuala Lumpur', '4', '4', 10, '', '', 0, '', '', 0, 'Shopee', 0, 1),
	(67, 'Kamal', 'DO000001', 'E072', '2018-12-04', 'Siti Nurul Najwa Binti Mohd Azhar', 'No. 28, Jalan Demang 6, Taman Shahbandaraya, 41000 Klang, Selangor Darul Ehsan', '4', '1', 25, '', '', 0, '', '', 0, 'Shopee', 0, 1),
	(68, 'Kamal', 'DO000001', 'E073', '2018-12-04', 'Aziera Ahmad', 'Management And Science University (MSU), University Drive, Off Persiaran Olahraga, 40100 Shah Alam, Selangor', '5', '4', 10, '', '', 0, '', '', 0, 'Shopee', 0, 1),
	(69, 'Kamal', 'DO000001', 'E076', '2018-12-05', 'Mohd Hairunnajib Suli', '50, Jalan Seri Putra 3/3, Bandar Seri Putra, 43000 Kajang, Selangor', '2', '3', 20, '', '', 0, '', '', 0, 'Shopee', 0, 1),
	(70, 'Kamal', 'DO000001', 'E077', '2018-12-06', 'Rusydan', 'Dewan Serbaguna Taman Melati Impian, Jalan Madrasah, Gombak Setia, 53100 Kuala Lumpur', '5', '4', 20, '', '', 0, '', '', 0, 'Shopee', 0, 1),
	(71, 'Kamal', 'DO000001', 'E088', '2018-12-13', 'Faisal Hazman', '47-3, Jalan PJU 5/12, Dataran Sunway, Kota Damansara, 47810 Petaling Jaya, Selangor', '2', '3', 10, '', '', 0, '', '', 0, 'Shopee', 0, 1),
	(72, 'Kamal', 'DO000001', 'E089', '2018-12-14', 'Neysa', 'No 1, Jalan Boling Padang G 13/G, Seksyen 13, 40100 Shah Alam, Selangor', '2', '3', 40, '', '', 0, '', '', 0, 'Shopee', 0, 1),
	(73, 'Kamal', 'DO000001', 'E092', '2018-12-14', 'Mex Engineering Supply Sdn Bhd', 'No 57, Jalan 9, Taman Putra, 68000 Ampang, Selangor', '3', '9', 20, '', '', 0, '', '', 0, 'Shopee', 0, 1),
	(74, 'Kamal', 'DO000001', 'E094', '2018-12-14', 'Leo Burnett Malaysia', 'Level 5, Menara Olympia, No 8, Jalan Raja Chulan, 50200 Jalan Sultan Ismail, Kuala Lumpur', '4', '1', 20, '', '', 0, '', '', 0, 'Shopee', 0, 1),
	(75, 'Kamal', 'DO000002', 'E089', '2018-12-17', 'Neysa', 'No 1, Jalan Boling Padang G 13/G, Seksyen 13, 40100 Shah Alam, Selangor', '2', '3', 40, '', '', 0, '', '', 0, 'Shopee', 0, 1),
	(76, 'Kamal', 'DO000001', 'E095', '2018-12-18', 'Corvan Asia Sdn Bhd', 'T-313, 3rd Floor, The Starling Mall, No 6 Jalan SS21/37, Damansara Uptown, 47400 Petaling Jaya, Selangor', '2', '3', 10, '', '', 0, '', '', 0, 'Shopee', 0, 1),
	(77, 'Kamal', 'DO000001', 'E098', '2018-12-20', 'Ms Anis', 'Nexperia Malaysia Sdn Bhd, No 1, Taman Tuanku Jaafar, 71450 Seremban, Negeri Sembilan', '5', '4', 50, '', '', 0, '', '', 0, 'Shopee', 0, 1),
	(78, 'Kamal', 'DO000001', 'E099', '2018-12-25', 'Laurence Chong', 'No. 37, Jalan KE 13/2 Emerald West, Kota Emerald, 48000 Rawang, Selangor ', '1', '5', 50, '', '', 0, '', '', 0, 'Shopee', 0, 1),
	(79, 'Kamal', 'DO000001', 'E104', '2018-12-26', 'Tan Siew Wei', 'No 68, Batu 5 1/2 Jalan Meru, 41050 Klang, Selangor', '4', '1', 20, '', '', 0, '', '', 0, 'Shopee', 0, 1),
	(80, 'Kamal', 'DO000001', 'E106', '2018-12-27', 'Norakma Kamaruddin', 'Lot 2, Jalan Kemajuan Satu (16/17A) Seksyen 16, 42000 Shah Alam, Selangor', '2', '3', 5, '', '', 0, '', '', 0, 'Shopee', 0, 1),
	(81, 'Kamal', 'DO000002', 'E098', '2018-12-27', 'Ms Anis', 'Nexperia Malaysia Sdn Bhd, No 1, Taman Tuanku Jaafar, 71450 Seremban, Negeri Sembilan', '5', '4', 50, '', '', 0, '', '', 0, 'Shopee', 0, 1),
	(82, 'Kamal', 'DO000001', 'E109', '2019-01-02', 'Ronichowdhury', '12, Jalan 4/149G, Taman Sri Endah, Sri Petaling, 57000 Kuala Lumpur', '4', '6', 20, '', '', 0, '', '', 0, 'Shopee', 0, 1),
	(83, 'Kamal', 'DO000003', 'E098', '2019-01-03', 'Ms Anis', 'Nexperia Malaysia Sdn Bhd, No 1, Taman Tuanku Jaafar, 71450 Seremban, Negeri Sembilan', '5', '4', 50, '', '', 0, '', '', 0, 'Shopee', 0, 1),
	(84, 'Kamal', 'DO000001', 'E112', '2019-01-03', 'Azizah Bt Wahid', 'No 100, Jalan Ikhlas, Bandar Tun Razak, 56000 Cheras, Kuala Lumpur', '4', '1', 20, '', '', 0, '', '', 0, 'Shopee', 0, 1),
	(85, 'Kamal', 'DO000001', 'E116', '2019-01-04', 'Norsarizah Mustapha', 'MMC Oil And Gas Sdn Bhd, Level 20, Menara Tokio Marine Life, 189 Jalan Tun Razak, Kuala Lumpur', '3', '6', 20, '', '', 0, '', '', 0, 'Shopee', 0, 1),
	(86, 'Kamal', 'DO000001', 'E121', '2019-01-07', 'Mohamad Faishol Bin Ahmad', '50A-1, Tingkat 4, Blok A, Jalan Raja Mahmud, Kampung Baru, 50300 Kuala Lumpur', '4', '6', 5, '', '', 0, '', '', 0, 'Shopee', 0, 1),
	(87, 'Kamal', 'DO000001', 'E120', '2019-01-07', 'Shirkhan Rahim', 'E-5-8, Flat Sri Cempaka, Jalan SD 12/2, Persiaran Cempaka, Sri Damansara, 52200 Kuala Lumpur', '4', '6', 5, '', '', 0, '', '', 0, 'Shopee', 0, 1),
	(88, 'Kamal', 'DO000002', 'E046', '2019-01-08', 'Mohamad Fardzli', '48, Jalan P9 B1/14, Presint 9, 62250 Putrajaya', '5', '4', 10, '', '', 0, '', '', 0, 'Shopee', 0, 1),
	(89, 'Kamal', 'DO000001', 'E132', '2019-01-09', 'Nurulaini', '17C, Jalan Suarasa 8/5, Bandar Tun Hussein Onn, 43200 Cheras, Selangor', '5', '6', 5, '', '', 0, '', '', 0, 'Shopee', 0, 1),
	(90, 'Kamal', 'DO000004', 'E098', '2019-01-10', 'Ms Anis', 'Nexperia Malaysia Sdn Bhd, No 1, Taman Tuanku Jaafar, 71450 Seremban, Negeri Sembilan', '5', '4', 50, '', '', 0, '', '', 0, 'Shopee', 0, 1),
	(91, 'Kamal', 'DO000001', 'E135', '2019-01-10', 'Farah Nadia', 'No 57, Jalan Pulau Lumut U10/76J, Alam Budiman, Seksyen U10, 40170 Shah Alam, Selangor', '3', '9', 5, '', '', 0, '', '', 0, 'Shopee', 0, 1),
	(92, 'Kamal', 'DO000001', 'E131', '2019-01-09', 'Purotos Malaysia Sdn Bhd', 'Lot 8, Jalan 2/32A, Mukim Batu, Batu 6 1/2, Jalan Kepong, 52000 Kepong, Kuala Lumpur', '2', '3', 20, '', '', 0, '', '', 0, 'Shopee', 0, 1),
	(93, 'Kamal', 'DO000002', 'E054', '2019-01-10', 'Justina Matius', 'Klinik Kesihatan Batu 14, 43100 Hulu Langat, Selangor', '5', '4', 20, '', '', 0, '', '', 0, 'Shopee', 0, 1),
	(94, 'Kamal', 'DO000001', 'E130', '2019-01-11', 'Amirul Redzwan Bin Abd Razak', 'Tadika As-Syafia, Lot 336, Jalan Besar Salak, Salak Tinggi, 43900 Sepang, Selangor', '3', '6', 10, '', '', 0, '', '', 0, 'Shopee', 0, 1),
	(95, 'Kamal', 'DO000001', 'E144', '2019-01-15', 'Md Elai', '2, Gerai Makan, Jalan Bukit Mewah 50, Taman Bukit Mewah Kajang, 43000 Hulu Langat, Selangor', '3', '9', 5, '', '', 0, '', '', 0, 'Shopee', 0, 1),
	(96, 'Kamal', 'DO000005', 'E098', '2019-01-15', 'Ms Anis', 'Nexperia Malaysia Sdn Bhd, No 1, Taman Tuanku Jaafar, 71450 Seremban, Negeri Sembilan', '5', '4', 50, '', '', 0, '', '', 0, 'Shopee', 0, 1),
	(97, 'Kamal', 'DO000001', 'E140', '2019-01-14', 'Jaslinawati Binti Jaafar', 'Aidil Travel And Tours Sdn Bhd, Suite B12, Level 1, Block B, Plaza Pekeliling, No 6 Jalan Kampar, Off Jalan Tun Razak, 50400 Kuala Lumpur ', '5', '6', 5, '', '', 0, '', '', 0, 'Shopee', 0, 1),
	(98, 'Kamal', 'DO000001', 'E143', '2019-01-15', 'Nurul Azeda Binti Ahmad', 'No 30, Jalan Tanjung Medan 30/148, Taman Bunga Raya, Seksyen 30, 40460 Shah Alam, Selangor', '4', '1', 20, '', '', 0, '', '', 0, 'Shopee', 0, 1),
	(99, 'Kamal', 'DO000001', 'E139', '2019-01-14', 'Mohd Firdaus Bin Mohd Aris', '105, Blok 31, Jalan Selayang 27/27A, Taman Bunga Negara, 40000 Shah Alam, Selaangor', '4', '1', 20, '', '', 0, '', '', 0, 'Shopee', 0, 1),
	(100, 'Kamal', 'DO000001', 'E152', '2019-01-22', 'Nonie Hussin', 'No 110, Jalan SS18/1C, 47500 Subang Jaya, Selangor', '4', '1', 5, '', '', 0, '', '', 0, 'Shopee', 0, 1),
	(101, 'Kamal', 'DO000006', 'E098', '2019-01-23', 'Ms Anis', 'Nexperia Malaysia Sdn Bhd, No 1, Taman Tuanku Jaafar, 71450 Seremban, Negeri Sembilan', '5', '4', 50, '', '', 0, '', '', 0, 'Shopee', 0, 1),
	(102, 'Kamal', 'DO000002', 'E045', '2019-01-22', 'J & K Maju Jaya', 'No 6, Jalan Gapi 1A/1, Seksyen 1C, Antara Gapi, 48200 Serendah, Selangor', '4', '7', 10, '', '', 0, '', '', 0, 'Shopee', 0, 1),
	(103, 'Kamal', 'DO000001', 'E149', '2019-01-22', 'For Mew Lin', 'No 110, Jalan 26, Desa Jaya Kepong, 52100 Kuala Lumpur', '2', '3', 10, '', '', 0, '', '', 0, 'Shopee', 0, 1),
	(104, 'Kamal', 'DO000001', 'E160', '2019-01-24', 'Aqilah Binti Zambri', 'No E287, Lorong E15, Kg Melayu Sri Kundang, 48050 Rawang, Selangor', '2', '3', 30, '', '', 0, '', '', 0, 'Shopee', 0, 1),
	(105, 'Kamal', 'DO000007', 'E098', '2019-01-29', 'Ms Anis', 'Nexperia Malaysia Sdn Bhd, No 1, Taman Tuanku Jaafar, 71450 Seremban, Negeri Sembilan', '5', '4', 50, '', '', 0, '', '', 0, 'Shopee', 0, 1),
	(106, 'Kamal', 'DO000001', 'E049', '2019-02-12', 'Ms Anis', '34', '5', '4', 5, '', '', 0, '', '', 0, 'Lazada', 0, 1);
/*!40000 ALTER TABLE `online` ENABLE KEYS */;

-- Dumping structure for table persada.penghantaran
CREATE TABLE IF NOT EXISTS `penghantaran` (
  `penghantaran_id` int(11) NOT NULL AUTO_INCREMENT,
  `username` varchar(255) NOT NULL,
  `no_plat` varchar(255) NOT NULL,
  `jenama_1` varchar(255) NOT NULL,
  `jenis_1` varchar(255) NOT NULL,
  `kuantiti_1` int(11) NOT NULL,
  `baki_1` int(11) NOT NULL,
  `lokasi_1` varchar(255) NOT NULL,
  `jenama_2` varchar(255) NOT NULL,
  `jenis_2` varchar(255) NOT NULL,
  `kuantiti_2` int(11) NOT NULL,
  `baki_2` int(11) NOT NULL,
  `lokasi_2` varchar(255) NOT NULL,
  `jenama_3` varchar(255) NOT NULL,
  `jenis_3` varchar(255) NOT NULL,
  `kuantiti_3` int(11) NOT NULL,
  `baki_3` int(11) NOT NULL,
  `lokasi_3` varchar(255) NOT NULL,
  `jenama_4` varchar(255) NOT NULL,
  `jenis_4` varchar(255) NOT NULL,
  `kuantiti_4` int(11) NOT NULL,
  `baki_4` int(11) NOT NULL,
  `lokasi_4` varchar(255) NOT NULL,
  `jenama_5` varchar(255) NOT NULL,
  `jenis_5` varchar(255) NOT NULL,
  `kuantiti_5` int(11) NOT NULL,
  `baki_5` int(11) NOT NULL,
  `lokasi_5` varchar(255) NOT NULL,
  `tarikh` date NOT NULL,
  `no_siri` int(255) NOT NULL,
  `petrol` varchar(255) NOT NULL,
  `harga` int(255) NOT NULL,
  PRIMARY KEY (`penghantaran_id`)
) ENGINE=InnoDB AUTO_INCREMENT=61 DEFAULT CHARSET=latin1;

-- Dumping data for table persada.penghantaran: ~37 rows (approximately)
/*!40000 ALTER TABLE `penghantaran` DISABLE KEYS */;
INSERT INTO `penghantaran` (`penghantaran_id`, `username`, `no_plat`, `jenama_1`, `jenis_1`, `kuantiti_1`, `baki_1`, `lokasi_1`, `jenama_2`, `jenis_2`, `kuantiti_2`, `baki_2`, `lokasi_2`, `jenama_3`, `jenis_3`, `kuantiti_3`, `baki_3`, `lokasi_3`, `jenama_4`, `jenis_4`, `kuantiti_4`, `baki_4`, `lokasi_4`, `jenama_5`, `jenis_5`, `kuantiti_5`, `baki_5`, `lokasi_5`, `tarikh`, `no_siri`, `petrol`, `harga`) VALUES
	(20, 'Ehsan', 'W 4669 G', 'Desa Mineral Water', '0.5L x 24', 35, 0, 'Universiti Sains Islam Malaysia (USIM)', 'Desa Mineral Water', '0.5L x 24', 95, 0, 'Universiti Putra Malaysia (UPM)', 'UiTM Mineral Water', '0.6 x 24', 24, 0, 'Universiti Teknologi MARA(UiTM) - Seremban', '', '', 0, 0, '', '', '', 0, 0, '', '2018-12-13', 0, '', 0),
	(21, 'Khairul', 'WC 7520 J', 'UiTM Mineral Water', '0.6 x 24', 34, 0, 'Universiti Teknologi MARA(UiTM) - Shah Alam', 'UiTM Mineral Water', '0.6 x 24', 36, 0, 'Universiti Teknologi MARA(UiTM) - Dengkil', '', '', 0, 0, '', '', '', 0, 0, '', '', '', 0, 0, '', '2018-12-13', 0, '', 0),
	(22, 'Khairul', 'WC 7520 J', 'UiTM Mineral Water', '0.6 x 24', 42, 0, 'Universiti Teknologi MARA(UiTM) - Puncak Perdana', 'UiTM Mineral Water', '0.6 x 24', 75, 0, 'Universiti Teknologi MARA(UiTM) - Puncak Alam', '', '', 0, 0, '', '', '', 0, 0, '', '', '', 0, 0, '', '2018-12-13', 0, '', 0),
	(23, 'Redzuan', 'WB 679 K', 'Desa Mineral Water', '0.5L x 24', 60, 0, 'Universiti Islam Antarabangsa Malaysia (UIAM)', 'UIAM Mineral Water', '0.5L x 24', 24, 0, 'Universiti Islam Antarabangsa Malaysia (UIAM)', '', '', 0, 0, '', '', '', 0, 0, '', '', '', 0, 0, '', '2018-12-13', 0, '', 0),
	(24, 'Redzuan', 'W 4669 G', 'Desa Mineral Water', '0.5L x 24', 20, 0, 'Universiti Selangor (UniSEL)', 'UiTM Mineral Water', '0.6 x 24', 30, 0, 'Universiti Teknologi MARA(UiTM) - Shah Alam', '', '', 0, 0, '', '', '', 0, 0, '', '', '', 0, 0, '', '2018-12-14', 0, '', 0),
	(25, 'Khairul', 'W 4669 G', 'Desa Mineral Water', '1.5L x 12', 107, 0, 'Universiti Islam Antarabangsa Malaysia (UIAM)', 'Desa Mineral Water', '0.5L x 24', 43, 0, 'Universiti Islam Antarabangsa Malaysia (UIAM)', 'UIAM Mineral Water', '0.5L x 24', 17, 0, 'Universiti Islam Antarabangsa Malaysia (UIAM)', '', '', 0, 0, '', '', '', 0, 0, '', '2018-12-14', 0, '', 0),
	(26, 'Ehsan', 'VAC 7636', 'Desa Mineral Water', '1.5L x 12', 103, 0, 'Universiti Putra Malaysia (UPM)', 'Desa Mineral Water', '1.5L x 12', 14, 0, 'German - Malaysian Institute (GMI)', '', '', 0, 0, '', '', '', 0, 0, '', '', '', 0, 0, '', '2018-12-14', 0, '', 0),
	(27, 'Ehsan', 'VBP 3276', 'Desa Mineral Water', '0.5L x 24', 52, 0, 'Universiti Islam Antarabangsa Malaysia (UIAM)', 'UIAM Mineral Water', '0.5L x 24', 27, 0, 'Universiti Islam Antarabangsa Malaysia (UIAM)', 'Desa Mineral Water', '0.5L x 24', 5, 0, 'International Islamic College (IIC)', '', '', 0, 0, '', '', '', 0, 0, '', '2018-12-16', 0, '', 0),
	(28, 'Ehsan', 'VBP 3276', 'Desa Mineral Water', '0.5L x 24', 15, 0, 'German - Malaysian Institute (GMI)', 'Desa Mineral Water', '0.5L x 24', 93, 0, 'Universiti Putra Malaysia (UPM)', 'UiTM Mineral Water', '0.6 x 24', 37, 0, 'Universiti Teknologi MARA(UiTM) - Dengkil', '', '', 0, 0, '', '', '', 0, 0, '', '2018-12-16', 0, '', 0),
	(29, 'Khairul', 'W 7580 R', 'UiTM Mineral Water', '0.6 x 24', 46, 0, 'Universiti Teknologi MARA(UiTM) - Puncak Perdana', 'UiTM Mineral Water', '0.6 x 24', 91, 0, 'Universiti Teknologi MARA(UiTM) - Puncak Alam', 'UiTM Mineral Water', '0.6 x 24', 24, 0, 'Universiti Teknologi MARA(UiTM) - Shah Alam', '', '', 0, 0, '', '', '', 0, 0, '', '2018-12-16', 0, '', 0),
	(30, 'Ehsan', 'VAC 7636', 'Desa Mineral Water', '1.5L x 12', 132, 0, 'Universiti Putra Malaysia (UPM)', 'Desa Mineral Water', '1.5L x 12', 8, 0, 'German - Malaysian Institute (GMI)', '', '', 0, 0, '', '', '', 0, 0, '', '', '', 0, 0, '', '2018-12-17', 0, '', 0),
	(31, 'Khairul', 'W 7580 R', 'Desa Mineral Water', '1.5L x 12', 1, 0, 'British - Malaysian Institute (BMI)', 'Desa Mineral Water', '0.5L x 24', 10, 0, 'Universiti Islam Antarabangsa Malaysia (UIAM)', 'Desa Mineral Water', '1.5L x 12', 167, 0, 'Universiti Islam Antarabangsa Malaysia (UIAM)', 'UIAM Mineral Water', '0.5L x 24', 5, 0, 'Universiti Islam Antarabangsa Malaysia (UIAM)', '', '', 0, 0, '', '2018-12-17', 0, '', 0),
	(32, 'Redzuan', 'WC 7520 J', 'Desa Mineral Water', '0.5L x 24', 30, 0, 'Universiti Selangor (UniSEL)', 'UiTM Mineral Water', '0.6 x 24', 20, 0, 'Universiti Teknologi MARA(UiTM) - Shah Alam', '', '', 0, 0, '', '', '', 0, 0, '', '', '', 0, 0, '', '2018-12-17', 0, '', 0),
	(34, 'Khairul', 'WB 679 K', 'Furqan Mineral Water', '0.5L x 24', 18, 0, 'Universiti Teknologi MARA(UiTM) - Puncak Perdana', 'UiTM Mineral Water', '0.6 x 24', 8, 0, 'Universiti Teknologi MARA(UiTM) - Shah Alam', 'UiTM Mineral Water', '0.6 x 24', 19, 0, 'Universiti Teknologi MARA(UiTM) - Puncak Alam', '', '', 0, 0, '', '', '', 0, 0, '', '2018-12-18', 0, '', 0),
	(35, 'Redzuan', 'WC 7520 J', 'Desa Mineral Water', '0.5L x 24', 12, 0, 'Universiti Islam Antarabangsa Malaysia (UIAM)', 'UIAM Mineral Water', '0.5L x 24', 13, 0, 'Universiti Islam Antarabangsa Malaysia (UIAM)', '', '', 0, 0, '', '', '', 0, 0, '', '', '', 0, 0, '', '2018-12-18', 0, '', 0),
	(36, 'Khairul', 'VAC 7636', 'Desa Mineral Water', '1.5L x 12', 122, 0, 'Universiti Islam Antarabangsa Malaysia (UIAM)', 'Desa Mineral Water', '0.5L x 24', 21, 0, 'Universiti Islam Antarabangsa Malaysia (UIAM)', 'UIAM Mineral Water', '0.5L x 24', 11, 0, 'Universiti Islam Antarabangsa Malaysia (UIAM)', '', '', 0, 0, '', '', '', 0, 0, '', '2018-12-19', 0, '', 0),
	(37, 'Redzuan', 'VBP 3276', 'Desa Mineral Water', '1.5L x 12', 108, 0, 'Universiti Putra Malaysia (UPM)', '', '', 0, 0, '', '', '', 0, 0, '', '', '', 0, 0, '', '', '', 0, 0, '', '2018-12-19', 0, '', 0),
	(38, 'Ehsan', 'VAC 7636', 'Desa Mineral Water', '0.5L x 24', 39, 0, 'Universiti Sains Islam Malaysia (USIM)', 'Desa Mineral Water', '0.5L x 24', 112, 0, 'Universiti Putra Malaysia (UPM)', 'Desa Mineral Water', '0.5L x 24', 13, 0, 'German - Malaysian Institute (GMI)', 'UiTM Mineral Water', '0.6 x 24', 59, 0, 'Universiti Teknologi MARA(UiTM) - Dengkil', 'UiTM Mineral Water', '0.6 x 24', 4, 0, 'Universiti Teknologi MARA(UiTM) - Seremban', '2018-12-20', 0, '', 0),
	(39, 'Khairul', 'W 7580 R', 'Desa Mineral Water', '0.5L x 24', 40, 0, 'Universiti Selangor (UniSEL)', 'UiTM Mineral Water', '0.6 x 24', 36, 0, '', '', '', 0, 0, '', '', '', 0, 0, '', '', '', 0, 0, '', '2018-12-20', 0, '', 0),
	(40, 'Ehsan', 'VBP 3276', 'Desa Mineral Water', '1.5L x 12', 98, 0, 'Universiti Putra Malaysia (UPM)', 'Desa Mineral Water', '1.5L x 12', 18, 0, 'German - Malaysian Institute (GMI)', '', '', 0, 0, '', '', '', 0, 0, '', '', '', 0, 0, '', '2018-12-21', 0, '', 0),
	(41, 'Khairul', 'VBP 3276', 'Desa Mineral Water', '1.5L x 12', 115, 0, 'Universiti Islam Antarabangsa Malaysia (UIAM)', 'Desa Mineral Water', '0.5L x 24', 27, 0, 'International Islamic College (IIC)', 'Desa Mineral Water', '0.5L x 24', 50, 0, 'Universiti Islam Antarabangsa Malaysia (UIAM)', 'UIAM Mineral Water', '0.5L x 24', 30, 0, 'Universiti Islam Antarabangsa Malaysia (UIAM)', '', '', 0, 0, '', '2018-12-21', 0, '', 0),
	(43, 'Redzuan', 'WB 679 K', 'Desa Mineral Water', '0.5L x 24', 30, 0, 'Universiti Selangor (UniSEL)', 'UiTM Mineral Water', '0.6 x 24', 23, 0, 'Universiti Teknologi MARA(UiTM) - Shah Alam', 'UiTM Mineral Water', '0.6 x 24', 10, 0, 'Universiti Teknologi MARA(UiTM) - Puncak Perdana', 'UiTM Mineral Water', '0.6 x 24', 16, 0, 'Universiti Teknologi MARA(UiTM) - Puncak Alam', '', '', 0, 0, '', '2018-12-21', 0, '', 0),
	(44, 'Redzuan', 'W 7580 R', 'Desa Mineral Water', '0.5L x 24', 25, 0, 'Universiti Selangor (UniSEL)', 'UIAM Mineral Water', '0.5L x 24', 35, 0, 'Universiti Islam Antarabangsa Malaysia (UIAM)', 'UIAM Mineral Water', '0.5L x 24', 23, 0, 'Universiti Islam Antarabangsa Malaysia (UIAM)', 'UiTM Mineral Water', '0.6 x 24', 24, 0, 'Universiti Teknologi MARA(UiTM) - Shah Alam', '', '', 0, 0, '', '2018-12-23', 0, '', 0),
	(45, 'Ehsan', 'WB 679 K', 'Desa Mineral Water', '0.5L x 24', 5, 0, 'German - Malaysian Institute (GMI)', 'Desa Mineral Water', '0.5L x 24', 67, 0, 'Universiti Putra Malaysia (UPM)', 'UiTM Mineral Water', '0.6 x 24', 40, 0, 'Universiti Teknologi MARA(UiTM) - Dengkil', '', '', 0, 0, '', '', '', 0, 0, '', '2018-12-23', 0, '', 0),
	(46, 'Khairul', 'WA 4669 G', 'Desa Mineral Water', '1.5L x 12', 180, 0, 'Universiti Islam Antarabangsa Malaysia (UIAM)', 'Desa Mineral Water', '0.5L x 24', 12, 0, 'Universiti Islam Antarabangsa Malaysia (UIAM)', 'Desa Mineral Water', '0.5L x 24', 13, 0, 'International Islamic College (IIC)', 'UIAM Mineral Water', '0.5L x 24', 9, 0, 'Universiti Islam Antarabangsa Malaysia (UIAM)', '', '', 0, 0, '', '2018-12-24', 0, '', 0),
	(47, 'Ehsan', 'VAC 7636', 'Desa Mineral Water', '0.5L x 24', 34, 0, 'Universiti Sains Islam Malaysia (USIM)', 'Desa Mineral Water', '1.5L x 12', 39, 0, 'Universiti Putra Malaysia (UPM)', 'Desa Mineral Water', '1.5L x 12', 11, 0, 'German - Malaysian Institute (GMI)', '', '', 0, 0, '', '', '', 0, 0, '', '2018-12-24', 0, '', 0),
	(48, 'Ehsan', 'WA 4669 G', 'Desa Mineral Water', '0.5L x 24', 8, 0, 'Universiti Sains Islam Malaysia (USIM)', 'Desa Mineral Water', '0.5L x 24', 22, 0, 'Universiti Putra Malaysia (UPM)', 'UiTM Mineral Water', '0.6 x 24', 17, 0, 'Universiti Teknologi MARA(UiTM) - Dengkil', 'UiTM Mineral Water', '0.6 x 24', 18, 0, 'Universiti Teknologi MARA(UiTM) - Seremban', '', '', 0, 0, '', '2018-12-27', 0, '', 0),
	(49, 'Redzuan', 'WB 679 K', 'UiTM Mineral Water', '0.6 x 24', 50, 0, 'Universiti Teknologi MARA(UiTM) - Puncak Alam', '', '', 0, 0, '', '', '', 0, 0, '', '', '', 0, 0, '', '', '', 0, 0, '', '2018-12-27', 0, '', 0),
	(50, 'Khairul', 'VBP 3276', 'Desa Mineral Water', '0.5L x 24', 33, 0, 'Universiti Selangor (UniSEL)', 'UiTM Mineral Water', '0.6 x 24', 41, 0, 'Universiti Teknologi MARA(UiTM) - Shah Alam', '', '', 0, 0, '', '', '', 0, 0, '', '', '', 0, 0, '', '2018-12-27', 0, '', 0),
	(52, 'khairul', 'VAC 7636', 'UIA', '0.5L', 23, 0, 'Universiti Islam Antarabangsa Malaysia (UIAM)', 'Desa', '0.5L', 33, 0, 'Universiti Islam Antarabangsa Malaysia (UIAM)', 'WS 1969', '1.5L', 97, 0, 'Universiti Islam Antarabangsa Malaysia (UIAM)', '', '', 0, 0, '', '', '', 0, 0, '', '2018-12-28', 0, '', 0),
	(53, 'ehsan', 'VBP 3276', 'Desa', '1.5L', 82, 0, 'Universiti Putra Malaysia (UPM)', '', '', 0, 0, '', '', '', 0, 0, '', '', '', 0, 0, '', '', '', 0, 0, '', '2018-12-31', 0, '', 0),
	(54, 'ehsan', 'VBP 3276', 'Desa', '1.5L', 16, 0, 'German - Malaysian Institute (GMI)', 'Desa', '1.5L', 119, 0, 'Universiti Putra Malaysia (UPM)', '', '', 0, 0, '', '', '', 0, 0, '', '', '', 0, 0, '', '2019-01-02', 0, '', 0),
	(55, 'redzuan', 'WC 7520 J', 'Desa', '0.5L', 19, 0, 'Universiti Selangor (UniSEL)', 'UiTM', '0.6L', 24, 0, 'Universiti Teknologi MARA (UiTM) - Shah Alam', '', '', 0, 0, '', '', '', 0, 0, '', '', '', 0, 0, '', '2019-01-02', 0, 'Diesel', 50),
	(56, 'khairul', 'VAC 7636', 'UIA', '0.5L', 12, 0, 'Universiti Islam Antarabangsa Malaysia (UIAM)', 'Desa', '0.5L', 20, 0, 'Universiti Islam Antarabangsa Malaysia (UIAM)', 'WS 1969', '1.5L', 130, 0, 'Universiti Islam Antarabangsa Malaysia (UIAM)', '', '', 0, 0, '', '', '', 0, 0, '', '2019-01-02', 0, 'Diesel', 100),
	(57, 'ehsan', 'VAC 7636', 'UiTM', '0.6L', 40, 0, 'Universiti Teknologi MARA (UiTM) - Seremban', 'Desa', '0.5L', 111, 0, 'Universiti Putra Malaysia (UPM)', 'Desa', '0.5L', 27, 0, 'Universiti Sains Islam Malaysia (USIM)', '', '', 0, 0, '', '', '', 0, 0, '', '2019-01-03', 0, 'Diesel', 100),
	(58, 'redzuan', 'VAC 7636', 'Desa', '1.5L', 124, 0, 'Universiti Islam Antarabangsa Malaysia (UIAM)', 'Desa', '0.5L', 37, 0, 'Universiti Islam Antarabangsa Malaysia (UIAM)', 'UIA', '0.5L', 18, 0, 'Universiti Islam Antarabangsa Malaysia (UIAM)', '', '', 0, 0, '', '', '', 0, 0, '', '2019-01-04', 0, '', 0),
	(59, 'redzuan', 'VAC 7636', 'Desa', '0.5L', 40, 0, 'Universiti Selangor (UniSEL)', 'UiTM', '0.6L', 51, 0, 'Universiti Teknologi MARA (UiTM) - Shah Alam', '', '', 0, 0, '', '', '', 0, 0, '', '', '', 0, 0, '', '2019-01-06', 0, '', 0),
	(60, 'Kamal', 'WA 4669 G', 'Springfresh', '0.5L', 12, 1, 'Universiti Selangor (UniSEL)', '', '', 0, 0, '', '', '', 0, 0, '', '', '', 0, 0, '', '', '', 0, 0, '', '2019-02-18', 0, 'Diesel', 100);
/*!40000 ALTER TABLE `penghantaran` ENABLE KEYS */;

-- Dumping structure for table persada.ppukm
CREATE TABLE IF NOT EXISTS `ppukm` (
  `ppukm_id` int(11) NOT NULL AUTO_INCREMENT,
  `username` varchar(100) NOT NULL,
  `roles` varchar(100) NOT NULL,
  PRIMARY KEY (`ppukm_id`)
) ENGINE=InnoDB AUTO_INCREMENT=2 DEFAULT CHARSET=latin1;

-- Dumping data for table persada.ppukm: ~1 rows (approximately)
/*!40000 ALTER TABLE `ppukm` DISABLE KEYS */;
INSERT INTO `ppukm` (`ppukm_id`, `username`, `roles`) VALUES
	(1, 'ppukm', 'ppukm');
/*!40000 ALTER TABLE `ppukm` ENABLE KEYS */;

-- Dumping structure for table persada.tahun
CREATE TABLE IF NOT EXISTS `tahun` (
  `tahun_id` int(11) NOT NULL AUTO_INCREMENT,
  `tahun` int(11) NOT NULL,
  PRIMARY KEY (`tahun_id`)
) ENGINE=InnoDB AUTO_INCREMENT=4 DEFAULT CHARSET=latin1;

-- Dumping data for table persada.tahun: ~3 rows (approximately)
/*!40000 ALTER TABLE `tahun` DISABLE KEYS */;
INSERT INTO `tahun` (`tahun_id`, `tahun`) VALUES
	(1, 2019),
	(2, 2020),
	(3, 2021);
/*!40000 ALTER TABLE `tahun` ENABLE KEYS */;

-- Dumping structure for table persada.tingkat
CREATE TABLE IF NOT EXISTS `tingkat` (
  `tingkat_id` int(11) NOT NULL,
  `tingkat` varchar(100) NOT NULL,
  `blok` int(11) NOT NULL
) ENGINE=InnoDB DEFAULT CHARSET=latin1;

-- Dumping data for table persada.tingkat: ~23 rows (approximately)
/*!40000 ALTER TABLE `tingkat` DISABLE KEYS */;
INSERT INTO `tingkat` (`tingkat_id`, `tingkat`, `blok`) VALUES
	(1, 'Tingkat B', 1),
	(2, 'Tingkat G', 1),
	(3, 'Tingkat 1', 1),
	(4, 'Tingkat 2', 1),
	(5, 'Tingkat 3', 1),
	(6, 'Tingkat 4', 1),
	(7, 'Tingkat 5', 1),
	(8, 'Tingkat 6', 1),
	(9, 'Tingkat 7', 1),
	(10, 'Tingkat 8', 1),
	(11, 'Tingkat 9', 1),
	(12, 'Tingkat 12', 1),
	(13, 'Tingkat G', 2),
	(14, 'Tingkat 1', 2),
	(15, 'Tingkat 2', 2),
	(16, 'Tingkat 4', 2),
	(17, '- TIADA -', 3),
	(18, '- TIADA -', 4),
	(19, 'Tingkat 14', 5),
	(20, 'Tingkat 1', 6),
	(21, 'Tingkat 3', 6),
	(22, '- TIADA -', 7),
	(23, '- TIADA -', 8);
/*!40000 ALTER TABLE `tingkat` ENABLE KEYS */;

-- Dumping structure for table persada.unit
CREATE TABLE IF NOT EXISTS `unit` (
  `unit_id` int(11) NOT NULL AUTO_INCREMENT,
  `unit` varchar(100) NOT NULL,
  `blok` int(11) NOT NULL,
  `tingkat` int(11) NOT NULL,
  PRIMARY KEY (`unit_id`)
) ENGINE=InnoDB AUTO_INCREMENT=93 DEFAULT CHARSET=latin1;

-- Dumping data for table persada.unit: ~92 rows (approximately)
/*!40000 ALTER TABLE `unit` DISABLE KEYS */;
INSERT INTO `unit` (`unit_id`, `unit`, `blok`, `tingkat`) VALUES
	(1, 'Unit Fisioterapi', 1, 1),
	(2, 'Unit Prostetik & Ortotik', 1, 1),
	(3, 'Unit Terapi Cara Kerja', 1, 1),
	(4, 'Bilik Mesyuarat', 1, 1),
	(5, 'Bilik Rehat Unit Terapi Pertuturan Dan Audiologi', 1, 1),
	(6, 'Pejabat Am', 1, 1),
	(7, 'Bahagian Pengambilan Darah', 1, 2),
	(8, 'Unit Tabung Darah', 1, 2),
	(9, 'Pantri Jabatan', 1, 1),
	(10, 'Pantri Jabatan', 1, 1),
	(11, 'Farmasi Bekalan Wad (Pantri)', 1, 1),
	(12, 'Farmasi (Stor Bekalan Wad)', 1, 1),
	(13, 'Farmasi Pesakit Luar', 1, 2),
	(14, 'Farmasi Pesakit Luar (Kedai Farmasi)', 1, 2),
	(15, 'Farmasi Pusat Perubatan Primer', 4, 18),
	(16, 'Bilik Laporan X-Ray', 1, 2),
	(17, 'Bilik Unit Angiografi', 1, 2),
	(18, 'Ruang Menunggu Pesakit', 1, 2),
	(19, 'Ruang Pejabat', 1, 2),
	(20, 'Pantri Jabatan', 1, 2),
	(21, 'Dewan Bedah Perubatan Kecemasan', 1, 2),
	(22, 'Wad Pemerhatian', 1, 2),
	(23, 'Bilik Konferens', 1, 2),
	(24, 'Unit Pra Hospital', 1, 2),
	(25, 'Ruang Pejabat', 2, 13),
	(26, 'Pantri, Pusat Endoskopi', 1, 3),
	(27, 'Bilik Mesyuarat', 1, 3),
	(28, 'Pantri, Jabatan Pengurusan Korporat', 2, 14),
	(29, 'Pantri, Bahagian Sumber Manusia', 2, 14),
	(30, 'Pantri, Unit Pembangunan Sumber Manusia', 2, 14),
	(31, 'Wad Warga', 1, 9),
	(32, 'Pantri Pejabat Pengarah', 2, 14),
	(33, 'Bilik On-Call Doktor', 1, 6),
	(34, 'Unit Dasar Dan Penguatkuasaan', 2, 14),
	(35, 'Pantri, Unit Pentadbiran Dan Penerimaan', 2, 14),
	(36, 'Pantri, Unit-unit Jabatan Kewangan', 2, 14),
	(37, 'Bilik Mesyuarat Jabatan Kewangan', 2, 14),
	(38, 'Unit Akaun', 6, 21),
	(39, 'Unit Stor Pusat', 1, 9),
	(40, 'Pantri, Jabatan Teknologi Maklumat', 2, 15),
	(41, 'Klinik Radioterapi & Onkologi', 1, 3),
	(42, 'Wad Onkologi Tengku Ampuan Afzan (MAKNA)', 1, 3),
	(43, 'Pusat Jagaan Harian Radioterapi & Onkologi', 1, 3),
	(44, 'Lobi Utama, Kaunter Jabatan Khidmat Pelanggan', 1, 2),
	(45, 'Pantri, Pejabat Am', 1, 5),
	(46, 'Bilik Telefonis', 1, 3),
	(47, 'Kaunter Pendaftaran Khidmat Pelanggan Kecemasan', 1, 2),
	(48, 'Pantri Bahagian Governan Dan Pentadbiran', 6, 20),
	(49, 'Bilik Pemandu Ambulans, Unit Kenderaan', 1, 2),
	(50, 'Unit Kenderaan, Jabatan Pentadbiran Am', 3, 17),
	(51, 'Pantri Jabatan Anestesiologi', 1, 4),
	(52, 'Bilik Tetamu', 1, 4),
	(53, 'Pantri Doktor', 1, 4),
	(54, 'Pantri Unit Rawatan Rapi', 1, 4),
	(55, 'Ruang Menunggu', 1, 5),
	(56, 'Klinik Pakar Perubatan 1', 1, 2),
	(57, 'Klinik Pakar Perubatan 2 (Bilik Endokrin)', 1, 2),
	(58, 'Klinik Nefrologi', 1, 2),
	(59, 'Pusat Jagaan Harian Hematologi', 1, 2),
	(60, 'Makmal Pemeriksaan Klinik', 1, 10),
	(61, 'Unit Hemodialisis Acute', 1, 8),
	(62, 'Unit Hemodialisis Sub-Acute', 1, 7),
	(63, 'Unit Hemodialisis Satelit PPUKM', 7, 22),
	(64, 'Pusat Jagaan Harian Surgeri', 1, 4),
	(65, 'Pantri, Pusat Rawatan Kebakaran', 1, 7),
	(66, 'Bilik Mesyuarat Jabatan Surgeri', 1, 10),
	(67, 'Klinik Bedah Mulut Dan Maksilofasial', 1, 3),
	(68, 'Wad 4F (Ortopedik Lelaki)', 1, 6),
	(69, 'Klinik Ortopedik', 1, 2),
	(70, 'Jabatan Ortopedik', 1, 11),
	(71, 'Pusat 1', 8, 23),
	(72, 'Pusat 2', 8, 23),
	(73, 'Pusat 3', 8, 23),
	(74, 'Pantri Jabatan Perubatan Keluarga', 5, 19),
	(75, 'Pantri Pusat Perubatan Primer', 4, 18),
	(76, 'Makmal Pusat Perubatan Primer', 4, 18),
	(77, 'Wad 1B @ Wad OB 2', 1, 3),
	(78, 'HDU - Obstetrik & Ginekologi', 1, 4),
	(79, 'Klinik Ginekologi & Onkologi', 1, 3),
	(80, 'Unit Kawalan Infeksi', 2, 16),
	(81, 'Ruang Pejabat Pusat Kejuruteraan Tisu', 1, 12),
	(82, 'Pantri Jabatan Kejururawatan (Blok Klinikal)', 1, 7),
	(83, 'Pantri Jabatan', 1, 11),
	(84, 'Klinik Otorinolaringologi', 1, 3),
	(85, 'Wad 5H', 1, 7),
	(86, 'Klinik Psikiatri', 1, 3),
	(87, 'Klinik Psikiatri Kanak-Kanak Dan Remaja', 1, 3),
	(88, 'Unit Psikiatri Komuniti Dan Intervensi Psikososial', 1, 3),
	(89, 'Wad Psy Lelaki (Kaunter)', 1, 3),
	(90, 'Wad Psy Perempuan(Kaunter)', 1, 3),
	(91, 'Pantri', 2, 14),
	(92, 'Bilik Mesyuarat SUKMARIA', 1, 5);
/*!40000 ALTER TABLE `unit` ENABLE KEYS */;

-- Dumping structure for table persada.users
CREATE TABLE IF NOT EXISTS `users` (
  `user_id` int(11) NOT NULL AUTO_INCREMENT,
  `nama_staf` varchar(255) NOT NULL,
  `username` varchar(255) NOT NULL,
  `password` varchar(255) NOT NULL,
  `jawatan` varchar(255) NOT NULL,
  PRIMARY KEY (`user_id`)
) ENGINE=InnoDB AUTO_INCREMENT=15 DEFAULT CHARSET=latin1;

-- Dumping data for table persada.users: ~7 rows (approximately)
/*!40000 ALTER TABLE `users` DISABLE KEYS */;
INSERT INTO `users` (`user_id`, `nama_staf`, `username`, `password`, `jawatan`) VALUES
	(8, 'Kamal', 'Kamal', '81dc9bdb52d04dc20036dbd8313ed055', 'Operasi'),
	(9, 'Rohaimi', 'Rohaimi', '81dc9bdb52d04dc20036dbd8313ed055', 'Akaun'),
	(10, 'Syahir', 'Syahir', '81dc9bdb52d04dc20036dbd8313ed055', 'Pengurusan'),
	(11, 'Khairul', 'Khairul', '81dc9bdb52d04dc20036dbd8313ed055', 'Operasi'),
	(12, 'Redzuan', 'Redzuan', '81dc9bdb52d04dc20036dbd8313ed055', 'Operasi'),
	(13, 'Ehsan', 'Ehsan', '154f596a0e4aec4cf23ee4b76ae3d34a', 'Operasi'),
	(14, 'Clester Jeremy', 'Chan', '6651526b6fb8f29a00507de6a49ce30f', 'Operasi');
/*!40000 ALTER TABLE `users` ENABLE KEYS */;

/*!40101 SET SQL_MODE=IFNULL(@OLD_SQL_MODE, '') */;
/*!40014 SET FOREIGN_KEY_CHECKS=IF(@OLD_FOREIGN_KEY_CHECKS IS NULL, 1, @OLD_FOREIGN_KEY_CHECKS) */;
/*!40101 SET CHARACTER_SET_CLIENT=@OLD_CHARACTER_SET_CLIENT */;
